Year,Month,Day,Hour,Minute,Second,5.0,15.0,25.0,35.0,45.0,55.0,65.0,75.0,85.0,95.0,105.0,115.0,125.0,135.0,145.0,155.0,165.0,175.0,185.0,195.0,205.0,215.0,225.0,235.0,245.0,255.0,265.0,275.0,285.0,295.0,305.0,315.0,325.0,335.0,345.0,355.0,365.0,375.0,385.0,395.0,405.0,415.0,425.0,435.0,445.0,455.0,465.0,475.0,485.0,495.0,505.0,515.0,525.0,535.0,545.0,555.0,565.0,575.0,585.0,595.0,605.0,615.0,625.0,635.0,645.0,655.0,665.0,675.0,685.0,695.0,705.0,715.0,725.0,735.0,745.0,755.0,765.0,775.0,785.0,795.0,805.0,815.0,825.0,835.0,845.0,855.0,865.0,875.0,885.0,895.0,905.0,915.0,925.0,935.0,945.0,955.0,965.0,975.0,985.0,995.0,1000.0
1,1,1,12,0,0,0.0,0.0,0.0,0.0,0.0,0.0,0.0,0.0,0.0,0.0,0.0,0.0,0.0,0.0,0.0,0.0,0.0,0.0,0.0,0.0,0.0,0.0,0.0,0.0,0.0,0.0,0.0,0.0,0.0,0.0,0.0,0.0,0.0,0.0,0.0,0.0,0.0,0.0,0.0,0.0,0.0,0.0,0.0,0.0,0.0,0.0,0.0,0.0,0.0,0.0,0.0,0.0,0.0,0.0,0.0,0.0,0.0,0.0,0.0,0.0,0.0,0.0,0.0,0.0,0.0,0.0,0.0,0.0,0.0,0.0,0.0,0.0,0.0,0.0,0.0,0.0,0.0,0.0,0.0,0.0,0.0,0.0,0.0,0.0,0.0,0.0,0.0,0.0,0.0,0.0,0.0,0.0,0.0,0.0,0.0,0.0,0.0,0.0,0.0,0.0,0.0
1,1,1,13,0,0,2.244209412307839,2.2440505059436546,2.24356422346591,2.2427294043224464,2.2415236054096255,2.239923004620927,2.2379022948175376,2.235434567006152,2.2324911813337707,2.2290416242767392,2.2250533501486416,2.2204916047290553,2.2153192284505003,2.2094964361189042,2.2029805696067264,2.195725819286835,2.1876829091745726,2.178798739746245,2.169015981181449,2.1582726082534798,2.14650136619694,2.1336291544901442,2.119576312472862,2.104255786866375,2.087572156318778,2.0694204816913437,2.0496849424427612,2.0282372084509976,2.004934481968906,1.9796171247457117,1.9521057586811779,1.9221976918318155,1.8896624709702543,1.8542362910497836,1.8156148917826105,1.7734444288006017,1.727309602354861,1.6767180337741436,1.6210794664830885,1.5596778075248796,1.491633341992296,1.4158518693564464,1.3309578783914429,1.235212993600678,1.1264390085345664,1.0020364251117595,0.8593876601755603,0.6973887762125157,0.5201049619991309,0.34067404328939277,0.1821244174607731,0.06758893612717706,0.012302238821912935,0.0003974891096500999,5.887122205634948e-6,7.218513656240942e-7,6.554511043792196e-7,6.545978049327897e-7,6.545868393693376e-7,6.54586698454846e-7,6.545866966430273e-7,6.545866966205521e-7,6.545866966200117e-7,6.545866966200117e-7,6.545866966200117e-7,6.545866966200117e-7,6.545866966200117e-7,6.545866966200117e-7,6.545866966200117e-7,6.545866966200117e-7,6.545866966200117e-7,6.545866966200117e-7,6.545866966200117e-7,6.545866966200117e-7,6.545866966200117e-7,6.545866966200117e-7,6.545866966200117e-7,6.545866966200117e-7,6.545866966200117e-7,6.545866966200117e-7,6.545866966200117e-7,6.545866966200117e-7,6.545866966200117e-7,6.545866966200117e-7,6.545866966200117e-7,6.545866966200117e-7,6.545866966200117e-7,6.545866966200117e-7,6.545866966200117e-7,6.545866966200117e-7,6.545866966200117e-7,6.545866966200117e-7,6.545866966200117e-7,6.545866966200117e-7,6.545866966200117e-7,6.545866966200117e-7,6.545866966200117e-7,6.545866966200117e-7,6.545866966200117e-7,6.545866966200117e-7,6.545866966200117e-7
1,1,1,14,0,0,2.20486000027433,2.204721874961031,2.2042993424223525,2.2035744731097537,2.202528287167212,2.2011406790741503,2.1993903352026436,2.1972546434494973,2.1947095939685894,2.191729669897825,2.1882877267940373,2.1843548592961,2.1799002532922387,2.174891021590323,2.1692920207449085,2.1630656462935214,2.156171603159308,2.1485666473853193,2.1402042946389415,2.1310344900431026,2.1210032327923685,2.110052147666508,2.0981179938700443,2.085132099515281,2.071019707406819,2.05569921440312,2.039081282300792,2.0210677926009275,2.0015506102477314,1.9804101118893307,1.9575134215715355,1.9327122798678484,1.9058404496011327,1.876710530098375,1.8451100088144692,1.8107963189405503,1.7734905865403956,1.732869629264771,1.688555593544228,1.64010236302747,1.586977502189141,1.5285379705275606,1.4639971177100168,1.3923795992352215,1.3124602842321433,1.222684908210157,1.121080951832143,1.005209983097414,0.8723510674713983,0.7204322354484978,0.5507141296666846,0.37191531739608474,0.20481157016308107,0.07782214467806142,0.014525608060525528,0.0004923142916398391,7.193951435218129e-6,7.391608697347993e-7,6.556801015254281e-7,6.546008324683704e-7,6.545868793695656e-7,6.545866989852157e-7,6.545866966509335e-7,6.545866966193916e-7,6.54586696619988e-7,6.54586696619988e-7,6.54586696619988e-7,6.54586696619988e-7,6.54586696619988e-7,6.54586696619988e-7,6.54586696619988e-7,6.54586696619988e-7,6.54586696619988e-7,6.54586696619988e-7,6.54586696619988e-7,6.54586696619988e-7,6.54586696619988e-7,6.54586696619988e-7,6.54586696619988e-7,6.54586696619988e-7,6.54586696619988e-7,6.54586696619988e-7,6.54586696619988e-7,6.54586696619988e-7,6.54586696619988e-7,6.54586696619988e-7,6.54586696619988e-7,6.54586696619988e-7,6.54586696619988e-7,6.54586696619988e-7,6.54586696619988e-7,6.54586696619988e-7,6.54586696619988e-7,6.54586696619988e-7,6.54586696619988e-7,6.54586696619988e-7,6.54586696619988e-7,6.54586696619988e-7,6.54586696619988e-7,6.54586696619988e-7,6.54586696619988e-7
1,1,1,15,0,0,2.169754051760613,2.1696333119402382,2.1692640842861834,2.168631056273007,2.1677180469551445,2.166507947406288,2.164982655849215,2.163123006872624,2.1609086940546405,2.1583181852104047,2.1553286293761573,2.1519157544995196,2.148053754663252,2.1437151654740063,2.138870726041585,2.133489225707603,2.127537333380925,2.1209794069638903,2.1137772799123304,2.1058900214300067,2.0972736661476965,2.0878809083376595,2.077660754727077,2.0665581287672516,2.054513417699525,2.041461951874034,2.0273334033996306,2.0120510881862472,1.9955311515894607,1.9776816129074781,1.958401237540631,1.9375781971909252,1.9150884673350959,1.8907938963298783,1.8645398604513925,1.8361523918369542,1.8054346286142646,1.772162383956351,1.7360785566375476,1.696885999765117,1.654238311456881,1.607727788443336,1.5568694573275579,1.5010796223526466,1.439646690471788,1.3716911357782635,1.296110525226009,1.2115055204688279,1.1160875018988072,1.007591100312835,0.8832971935122451,0.7405005339506117,0.5782873777440365,0.4015810994098086,0.22848652122568153,0.09116413400287986,0.020008442166190042,0.0022619325021122835,0.00032077907780506923,1.0606455631216853e-5,7.87676030642415e-7,6.563253844109132e-7,6.546094039496823e-7,6.545869931771258e-7,6.545867004930326e-7,6.545866966696952e-7,6.545866966206622e-7,6.54586696619993e-7,6.545866966199947e-7,6.545866966199947e-7,6.545866966199947e-7,6.545866966199947e-7,6.545866966199947e-7,6.545866966199947e-7,6.545866966199947e-7,6.545866966199947e-7,6.545866966199947e-7,6.545866966199947e-7,6.545866966199947e-7,6.545866966199947e-7,6.545866966199947e-7,6.545866966199947e-7,6.545866966199947e-7,6.545866966199947e-7,6.545866966199947e-7,6.545866966199947e-7,6.545866966199947e-7,6.545866966199947e-7,6.545866966199947e-7,6.545866966199947e-7,6.545866966199947e-7,6.545866966199947e-7,6.545866966199947e-7,6.545866966199947e-7,6.545866966199947e-7,6.545866966199947e-7,6.545866966199947e-7,6.545866966199947e-7,6.545866966199947e-7,6.545866966199947e-7,6.545866966199947e-7
1,1,1,16,0,0,2.1377872556626727,2.137681443394719,2.137357961395047,2.136803674971567,2.1360047269695173,2.134946490311357,2.1336135165084684,2.1319894797149743,2.1300571158317183,2.1277981561092574,2.125193254613457,2.122221908838803,2.118862372643619,2.115091560565318,2.11088494242491,2.1062164269741857,2.101058233127212,2.095380747093021,2.089152363438462,2.0823393077797085,2.07490543839225,2.06681202354099,2.058017490742664,2.04847714344125,2.038142839695599,2.026962626377255,2.014880321015749,2.001835031731744,1.9877606035566302,1.9725849767378811,1.9562294391767594,1.9386077507164288,1.9196251112601708,1.8991769372004885,1.8771474007584619,1.8534076736736917,1.8278137989980987,1.8002040907023478,1.7703959277645431,1.738181763463885,1.7033241059464999,1.6655491340181747,1.6245384793392184,1.5799185126892183,1.5312461875869943,1.4779900752686572,1.4195046116252072,1.354994707957534,1.2834667615804918,1.2036611004624405,1.1139617511811437,1.012288867999814,0.8960213469142051,0.7621500929046281,0.6083585676693861,0.4367181208531665,0.2623008473222299,0.11765989027852286,0.0361943420680651,0.008661795404555217,0.0013922349918705362,3.998516435679507e-5,1.1801367571792611e-6,6.614813693144678e-7,6.546771255967811e-7,6.545878826606827e-7,6.545867121762681e-7,6.545866968228117e-7,6.545866966225697e-7,6.545866966200828e-7,6.545866966200218e-7,6.545866966200218e-7,6.545866966200218e-7,6.545866966200218e-7,6.545866966200218e-7,6.545866966200218e-7,6.545866966200218e-7,6.545866966200218e-7,6.545866966200218e-7,6.545866966200218e-7,6.545866966200218e-7,6.545866966200218e-7,6.545866966200218e-7,6.545866966200218e-7,6.545866966200218e-7,6.545866966200218e-7,6.545866966200218e-7,6.545866966200218e-7,6.545866966200218e-7,6.545866966200218e-7,6.545866966200218e-7,6.545866966200218e-7,6.545866966200218e-7,6.545866966200218e-7,6.545866966200218e-7,6.545866966200218e-7,6.545866966200218e-7,6.545866966200218e-7,6.545866966200218e-7,6.545866966200218e-7,6.545866966200218e-7
1,1,1,17,0,0,2.1111799726496443,2.1110859522227443,2.1107985903038795,2.1103064242795995,2.1095973772128147,2.108658718953322,2.1074770240881477,2.1060381264067374,2.104327069515179,2.1023280531842516,2.1000243749673686,2.0973983665578686,2.0944313242819916,2.091103433041333,2.0873936829235618,2.083279777571434,2.078738033285532,2.0737432676556438,2.0682686763432514,2.0622856964010516,2.0557638542565364,2.0486705961642464,2.040971098541913,2.0326280551477396,2.0236014374847535,2.0138482241340903,2.0033220938696665,1.9919730763653263,1.9797471530129656,1.9665857987506143,1.9524254537708075,1.9371969114110925,1.9208246052475637,1.9032257742125473,1.8843094790991177,1.8639754367081665,1.8421126285054754,1.8185976281776632,1.7932925756908595,1.7660427026518875,1.736673282427688,1.704985834900402,1.6707533543866084,1.6337142418311146,1.5935644962752278,1.5499475366221702,1.5024407538686475,1.4505374935253386,1.3936225793898345,1.3309386493474022,1.2615394750681261,1.1842253875261335,1.0974564967516578,0.9992477714776591,0.8870887795540767,0.7580737778115836,0.6098962352007753,0.44430955067717814,0.27518598101983294,0.13266070826015075,0.047676915343939086,0.013305665922561296,0.001996259787323694,4.990390867827274e-5,1.311616123901728e-6,6.632383269894321e-7,6.547005997873019e-7,6.545881962093014e-7,6.545867163615833e-7,6.545866968805438e-7,6.545866966234218e-7,6.545866966199473e-7,6.545866966199592e-7,6.545866966199592e-7,6.545866966199592e-7,6.545866966199592e-7,6.545866966199592e-7,6.545866966199592e-7,6.545866966199592e-7,6.545866966199592e-7,6.545866966199592e-7,6.545866966199592e-7,6.545866966199592e-7,6.545866966199592e-7,6.545866966199592e-7,6.545866966199592e-7,6.545866966199592e-7,6.545866966199592e-7,6.545866966199592e-7,6.545866966199592e-7,6.545866966199592e-7,6.545866966199592e-7,6.545866966199592e-7,6.545866966199592e-7,6.545866966199592e-7,6.545866966199592e-7,6.545866966199592e-7,6.545866966199592e-7,6.545866966199592e-7,6.545866966199592e-7,6.545866966199592e-7
1,1,1,18,0,0,2.0873904476413117,2.087306506764442,2.0870500083393964,2.086610884510371,2.0859785404803333,2.0851418222808604,2.0840889820287885,2.0828076404159575,2.081284746157827,2.0795065320870805,2.0774584675413124,2.075125206646746,2.072490532049784,2.0695372935874374,2.06624734131546,2.0626014522394414,2.0585792499864937,2.0541591165579263,2.0493180951649492,2.0440317829985233,2.03827421260279,2.0320177203070813,2.0252327999118727,2.017887939522762,2.0099494390476202,2.00138120543507,1.992144522182329,1.9821977889854168,1.97149622658835,1.9599915408885096,1.9476315391168875,1.9343596893556771,1.920114612714066,1.9048294950112385,1.8884314016832136,1.870840475585645,1.8519689921485707,1.8317202395133236,1.8099871822887046,1.7866508555996674,1.7615784200139935,1.7346207860683904,1.7056096870697495,1.674354037050776,1.6406353519123904,1.6042019278741897,1.5647613502178892,1.5219707283827013,1.4754237925765246,1.4246336004112514,1.369009031681209,1.3078224298589376,1.240164664501826,1.1648828130430395,1.0804960541880284,0.9850931059982937,0.8762512870965047,0.7511546783258112,0.6075414649811464,0.44702237237034126,0.28269113651621103,0.1427254814146699,0.05556668075774571,0.016059205854354403,0.0021222174507981024,4.5413466668679435e-5,1.2502180724524941e-6,6.624468866923561e-7,6.54690411270776e-7,6.545880651265669e-7,6.545867146771312e-7,6.545866968583024e-7,6.545866966231169e-7,6.545866966197897e-7,6.545866966200286e-7,6.545866966200286e-7,6.545866966200286e-7,6.545866966200286e-7,6.545866966200286e-7,6.545866966200286e-7,6.545866966200286e-7,6.545866966200286e-7,6.545866966200286e-7,6.545866966200286e-7,6.545866966200286e-7,6.545866966200286e-7,6.545866966200286e-7,6.545866966200286e-7,6.545866966200286e-7,6.545866966200286e-7,6.545866966200286e-7,6.545866966200286e-7,6.545866966200286e-7,6.545866966200286e-7,6.545866966200286e-7,6.545866966200286e-7,6.545866966200286e-7,6.545866966200286e-7,6.545866966200286e-7,6.545866966200286e-7,6.545866966200286e-7
1,1,1,19,0,0,2.0660233373876764,2.065948079012827,2.065718157290121,2.0653246789757276,2.0647582953132897,2.0640091750505576,2.063066975426878,2.0619208109401015,2.0605592196809184,2.058970126990502,2.0571408061748855,2.0550578359732867,2.0527070544395514,2.05007350885478,2.0471414012336524,2.0438940289351635,2.040313719814236,2.0363817612801114,2.0320783225263455,2.0273823690991577,2.022271568838441,2.0167221880813955,2.0107089768415136,2.004205041465685,1.9971817030307761,1.9896083394325217,1.9814522087726374,1.9726782512132601,1.9632488659409972,1.9531236592506005,1.9422591589651539,1.9306084894489182,1.918121000263465,1.9047418400216287,1.890411465109345,1.875065070561618,1.8586319273437546,1.8410346063850156,1.8221880646640116,1.8019985620460623,1.780362368876947,1.75716421276638,1.7322753974322147,1.705551505324543,1.6768295666689106,1.6459245371046656,1.6126248690917642,1.5766868809251662,1.53782750968087,1.4957148625750492,1.4499557274366914,1.4000788260777242,1.3455120366570767,1.285551006192776,1.219315500778702,1.1456887530467128,1.0632353696575834,0.9701007956030754,0.8639312547912965,0.7419886588688218,0.6020813404530223,0.4458112734132973,0.28579749617868844,0.14860794245967202,0.06021219297280492,0.01709705587984427,0.0018992857769857504,3.531189529854736e-5,1.115919381848044e-6,6.606966004270256e-7,6.546676108530739e-7,6.545877681768886e-7,6.545867108098701e-7,6.545866968069247e-7,6.545866966223292e-7,6.545866966202336e-7,6.545866966199659e-7,6.545866966199659e-7,6.545866966199659e-7,6.545866966199659e-7,6.545866966199659e-7,6.545866966199659e-7,6.545866966199659e-7,6.545866966199659e-7,6.545866966199659e-7,6.545866966199659e-7,6.545866966199659e-7,6.545866966199659e-7,6.545866966199659e-7,6.545866966199659e-7,6.545866966199659e-7,6.545866966199659e-7,6.545866966199659e-7,6.545866966199659e-7,6.545866966199659e-7,6.545866966199659e-7,6.545866966199659e-7,6.545866966199659e-7,6.545866966199659e-7,6.545866966199659e-7,6.545866966199659e-7
1,1,1,20,0,0,2.046758797699475,2.0466910696106027,2.046484190560683,2.046130264892973,2.04562100044965,2.0449476857718167,2.044101165645692,2.043071814846229,2.041849509907564,2.040423598736652,2.038782867858579,2.0369155070638314,2.034809071189912,2.0324504387501534,2.029825767074911,2.0269204435909955,2.0237190328218446,2.0202052186231114,2.0163617411141885,2.012170327680721,2.0076116173411194,2.0026650776600263,1.9973089132729456,1.9915199649412187,1.9852735978838076,1.978543577932065,1.9713019338126045,1.9635188035679292,1.9551622627867644,1.946198131884529,1.936589759173227,1.926297775830463,1.9152798181180941,1.9034902112562264,1.8908796081900547,1.8773945750271253,1.8629771130887995,1.8475641051976055,1.8310866708654672,1.8134694112435632,1.7946295197776259,1.7744757280785493,1.7529070480417346,1.729811259964972,1.7050630812331065,1.678521929495659,1.650029165870741,1.619404664178841,1.5864424964780675,1.5509054455939868,1.5125179402184976,1.4709568396100465,1.4258392455890991,1.376706148427811,1.3230001626271495,1.2640348108345414,1.1989517440877577,1.1266611891210836,1.0457611791441472,0.9544385020216488,0.8503903684214382,0.7309427823452808,0.5939903458172644,0.4412344729473361,0.28505287356282905,0.1507105768186353,0.0618053806211855,0.01662830603102129,0.0014813415410962444,2.47420888038959e-5,9.760033141351098e-7,6.588630979188385e-7,6.546435912299388e-7,6.545874535621704e-7,6.545867066897291e-7,6.545866967548746e-7,6.545866966218108e-7,6.545866966200388e-7,6.54586696619988e-7,6.54586696619988e-7,6.54586696619988e-7,6.54586696619988e-7,6.54586696619988e-7,6.54586696619988e-7,6.54586696619988e-7,6.54586696619988e-7,6.54586696619988e-7,6.54586696619988e-7,6.54586696619988e-7,6.54586696619988e-7,6.54586696619988e-7,6.54586696619988e-7,6.54586696619988e-7,6.54586696619988e-7,6.54586696619988e-7,6.54586696619988e-7,6.54586696619988e-7,6.54586696619988e-7,6.54586696619988e-7,6.54586696619988e-7,6.54586696619988e-7
1,1,1,21,0,0,2.0293396963104087,2.0292785355671157,2.02909174693702,2.028772288093869,2.0283127694050975,2.027705434504213,2.026942139503916,2.0260143307271505,2.0249130208257355,2.023628763139655,2.0221516241296698,2.020471153702381,2.0185763532271324,2.016455641011376,2.0140968149822243,2.011487012286409,2.0086126654852734,2.0054594549810076,2.002012257257711,1.9982550884749202,1.9941710428756352,1.9897422254046404,1.9849496778428914,1.9797732976595341,1.9741917486668257,1.9681823624209471,1.9617210291431917,1.9547820767371284,1.9473381362452287,1.939359991799499,1.93081641278296,1.921673965505832,1.9118968012021575,1.9014464165391445,1.8902813820869113,1.8783570332691042,1.8656251171729998,1.8520333871618924,1.8375251354371827,1.822038651421341,1.8055065909250985,1.7878552373382703,1.7690036312479336,1.748862538572233,1.7273332189719923,1.7043059452058102,1.679658209167652,1.6532525300324856,1.6249337519768794,1.5945256799857965,1.5618268472918864,1.5266051294154686,1.4885908059830157,1.4474675046489054,1.4028602142019508,1.3543191852200849,1.3012979882723528,1.2431232030416446,1.1789521402385326,1.1077138985548167,1.0280293496704331,0.938113241220174,0.8356988570560588,0.7181673416988517,0.583521303504396,0.4336615750622306,0.2808667617520828,0.1493216298424348,0.06055068038741861,0.014949041740144865,0.0010136090159185047,1.58333900726319e-5,8.576999014567378e-7,6.573003403977214e-7,6.546229507748853e-7,6.545871809740897e-7,6.545867030910723e-7,6.545866967061363e-7,6.545866966214821e-7,6.545866966200235e-7,6.545866966200235e-7,6.545866966200235e-7,6.545866966200235e-7,6.545866966200235e-7,6.545866966200235e-7,6.545866966200235e-7,6.545866966200235e-7,6.545866966200235e-7,6.545866966200235e-7,6.545866966200235e-7,6.545866966200235e-7,6.545866966200235e-7,6.545866966200235e-7,6.545866966200235e-7,6.545866966200235e-7,6.545866966200235e-7,6.545866966200235e-7,6.545866966200235e-7,6.545866966200235e-7,6.545866966200235e-7,6.545866966200235e-7
1,1,1,22,0,0,2.013559401270797,2.0135039924910387,2.013334795413357,2.013045501875567,2.012629497722017,2.0120798461263263,2.011389269777773,2.0105501318444894,2.009554415602267,2.008393702610327,2.0070591493078425,2.0055414618851444,2.003830869267425,2.0019170940318958,1.9997893210607245,1.997436163705288,1.9948456272082282,1.9920050691037616,1.9889011562810666,1.985519818346603,1.981846196886643,1.9778645901647351,1.9735583927339349,1.9689100293683452,1.9639008826272857,1.9585112132747469,1.9527200726478924,1.9465052059427386,1.9398429452031962,1.9327080906225085,1.925073778519046,1.916911334078364,1.908190106610963,1.898877284676189,1.8889376879230149,1.8783335319031451,1.867024161368949,1.8549657466618434,1.8421109366633743,1.8284084603696016,1.8138026673755192,1.7982329953041578,1.7816333493506136,1.7639313754234855,1.7450476035882758,1.724894432270645,1.703374915436644,1.6803813039778461,1.6557932777427915,1.6294757845105714,1.6012763744657974,1.571021880044384,1.5385142363848807,1.5035251594316996,1.4657892853738659,1.4249952086605937,1.3807736088444322,1.3326812875929654,1.2801793877609633,1.2226032674758365,1.1591204290284907,1.0886718160384632,1.0098921829924628,0.9210133356375323,0.8197933789109015,0.7036638555953978,0.5707544557616924,0.42323587305950916,0.27336339278759736,0.14448720921851133,0.056589349177370116,0.012340610089260476,0.0005988518826467809,9.138478771539723e-6,7.681952652084351e-7,6.561068475887331e-7,6.546070369300601e-7,6.545869687803306e-7,6.545867002625905e-7,6.545866966692548e-7,6.54586696620503e-7,6.54586696619949e-7,6.54586696619949e-7,6.54586696619949e-7,6.54586696619949e-7,6.54586696619949e-7,6.54586696619949e-7,6.54586696619949e-7,6.54586696619949e-7,6.54586696619949e-7,6.54586696619949e-7,6.54586696619949e-7,6.54586696619949e-7,6.54586696619949e-7,6.54586696619949e-7,6.54586696619949e-7,6.54586696619949e-7,6.54586696619949e-7,6.54586696619949e-7,6.54586696619949e-7,6.54586696619949e-7
1,1,1,23,0,0,1.9992123123439711,1.999161970476024,1.9990082662005406,1.9987455274529538,1.9983678111806213,1.997868888920479,1.997242231429695,1.9964809922906923,1.9955779904033264,1.9945256912710931,1.9933161869762301,1.9919411747280975,1.9903919338534166,1.9886593010950477,1.986733644049103,1.9846048325732824,1.9822622079633376,1.979694549683252,1.9768900393955136,1.9738362220183063,1.9705199634949793,1.9669274049229202,1.9630439126420711,1.958854023829744,1.9543413870848312,1.9494886974154468,1.944277624953287,1.938688736624087,1.932701409885368,1.9262937375035456,1.9194424221835042,1.9121226596637655,1.9043080086702773,1.8959702458329772,1.8870792033481472,1.8776025867619452,1.8675057697610633,1.8567515622667834,1.8452999473917124,1.8331077819153734,1.8201284538191516,1.8063114890135097,1.7916020976312907,1.775940648028275,1.7592620537817893,1.7414950553188966,1.722561373049679,1.7023747026731293,1.6808395151144673,1.6578496126166016,1.6332863777624773,1.6070166321243597,1.5788899935439353,1.5487355824047029,1.5163578726248979,1.4815314048439063,1.4439939656745224,1.403437669915256,1.3594971345055917,1.3117335619875412,1.2596129981459114,1.202476224399895,1.1394966694817832,1.0696216599150752,0.9914928633503557,0.9033505411757261,0.8029682281264279,0.6878220420225905,0.5561767880264732,0.4105118517152535,0.2630982918802496,0.1367167304174537,0.05051879735244107,0.009310170855193985,0.0003132598462492589,4.956768188216842e-6,7.122495366040749e-7,6.553592848305054e-7,6.545970479901193e-7,6.545868353117651e-7,6.545866984785883e-7,6.545866966452617e-7,6.545866966200354e-7,6.545866966200354e-7,6.545866966200354e-7,6.545866966200354e-7,6.545866966200354e-7,6.545866966200354e-7,6.545866966200354e-7,6.545866966200354e-7,6.545866966200354e-7,6.545866966200354e-7,6.545866966200354e-7,6.545866966200354e-7,6.545866966200354e-7,6.545866966200354e-7,6.545866966200354e-7,6.545866966200354e-7,6.545866966200354e-7,6.545866966200354e-7,6.545866966200354e-7
1,1,2,0,0,0,1.9861339324880305,1.986088075267034,1.9859480804838867,1.9857088304430093,1.9853649663366326,1.984910875700372,1.9843406790633864,1.983648215738782,1.9828270286744711,1.9818703482953524,1.9807710752482777,1.979521761954615,1.9781145928755421,1.9765413633606315,1.9747934569711845,1.9728618211224145,1.9707369408977797,1.9684088108547186,1.9658669046331383,1.9631001421420962,1.9600968540863946,1.9568447435539937,1.9533308443577724,1.9495414757779983,1.9454621933170841,1.9410777350091237,1.9363719627803988,1.9313277982730384,1.925927152469285,1.9201508483477383,1.9139785356900347,1.9073885970251752,1.9003580435253937,1.892862399489342,1.8848755738072285,1.876369716534814,1.8673150583731974,1.8576797304456782,1.8474295612847413,1.836527847343035,1.8249350926208585,1.8126087120925511,1.799502692511222,1.785567202761552,1.7707481441814927,1.7549866290426124,1.7382183725354992,1.7203729799517546,1.7013731060020554,1.6811334570010317,1.6595595984394684,1.6365465195104072,1.61197689138476,1.5857189358885044,1.5576237934417954,1.5275222402865474,1.495220550079658,1.4604952161108251,1.4230861358495908,1.3826876908962653,1.338936904473286,1.2913974827817043,1.2395379856022863,1.182701555730958,1.1200635485052928,1.0505723487985819,0.9728693476910912,0.8851935914499087,0.7853218378880928,0.6707634992785323,0.5399190395693267,0.3956096897470669,0.2502079303922393,0.1262542604483905,0.04289244931448653,0.006307266150612723,0.0001503629065378804,2.6864718337877756e-6,6.818513322033949e-7,6.549524880115748e-7,6.545916041870843e-7,6.545867624610448e-7,6.545866975032621e-7,6.545866966317058e-7,6.545866966197118e-7,6.54586696619993e-7,6.54586696619993e-7,6.54586696619993e-7,6.54586696619993e-7,6.54586696619993e-7,6.54586696619993e-7,6.54586696619993e-7,6.54586696619993e-7,6.54586696619993e-7,6.54586696619993e-7,6.54586696619993e-7,6.54586696619993e-7,6.54586696619993e-7,6.54586696619993e-7,6.54586696619993e-7,6.54586696619993e-7
1,1,2,1,0,0,1.974198401373755,1.9741565256918818,1.9740287000166603,1.97381029182624,1.973496453135553,1.9730821095141877,1.972561948427554,1.9719304068387942,1.9711816580237596,1.970309597527887,1.9693078282003214,1.9681696442271317,1.966888014079828,1.9654555622867491,1.9638645499240042,1.9621068537154898,1.9601739436131993,1.9580568587208944,1.9557461814037183,1.953232009412993,1.9505039258319599,1.947550966627098,1.944361585560003,1.940923616191263,1.9372242306660752,1.9332498949339438,1.9289863200135926,1.924418408853569,1.9195301982808672,1.9143047954609642,1.9087243082042704,1.9027697683575653,1.8964210474057737,1.889656763269958,1.8824541771279115,1.8747890788949029,1.8666356597665406,1.8579663699599678,1.8487517594524867,1.8389602991252616,1.8285581792227568,1.8175090814621058,1.8057739203803003,1.7933105486234417,1.7800734197500319,1.7660132007333225,1.7510763245769603,1.7352044712308405,1.7183339621385052,1.700395050075226,1.6813110811655,1.6609974997240542,1.639360658300788,1.616296384282375,1.5916882395066736,1.5654053890254822,1.5372999670679306,1.5072037889852936,1.4749242023008229,1.4402387900498894,1.4028885232268493,1.3625687875550554,1.3189174539788766,1.2714987784246539,1.2197813424605854,1.1631074111323763,1.100649972695873,1.031352672781896,0.9538487114548282,0.8663652760243288,0.7666693524623529,0.6522935736992874,0.5217798879190321,0.3783181373915525,0.23451714131229373,0.11310012504450068,0.034192525235890045,0.0036827861694983125,6.696114322490805e-5,1.547841692124656e-6,6.66564877797258e-7,6.547473091819819e-7,6.545888502351444e-7,6.545867254962796e-7,6.54586697006811e-7,6.545866966248228e-7,6.545866966206215e-7,6.54586696620032e-7,6.54586696620032e-7,6.54586696620032e-7,6.54586696620032e-7,6.54586696620032e-7,6.54586696620032e-7,6.54586696620032e-7,6.54586696620032e-7,6.54586696620032e-7,6.54586696620032e-7,6.54586696620032e-7,6.54586696620032e-7,6.54586696620032e-7,6.54586696620032e-7
1,1,2,2,0,0,1.9632417695751627,1.9632034563031908,1.9630865167205656,1.9628867465952737,1.9625997484683069,1.962220921997364,1.961745453718926,1.9611683061814844,1.9604842064065195,1.959687633619751,1.9587728062005283,1.9577336677819872,1.956563872434863,1.955256768865823,1.9538053835322984,1.9522024025956597,1.9504401526076123,1.9485105798095432,1.946405227932324,1.9441152143501554,1.9416312044357795,1.9389433839444479,1.9360414292404542,1.9329144751412812,1.9295510801477036,1.9259391887837367,1.9220660907390368,1.9179183764750363,1.9134818888962002,1.9087416706482543,1.9036819065338904,1.8982858604705868,1.8925358063300806,1.886412951899331,1.879897355091039,1.8729678313897438,1.8656018513691137,1.8577754269111075,1.8494629845389774,1.8406372239985522,1.8312689598909593,1.8213269437587485,1.8107776635483361,1.7995851167645185,1.787710552915673,1.7751121799349185,1.7617448281425467,1.747559563910798,1.732503243418524,1.7165179946356837,1.699540612806711,1.6815018509980177,1.6623255824667602,1.6419278053010302,1.62021545143649,1.597084950998262,1.5724204878425816,1.546091861570055,1.5179518427934546,1.4878328685345785,1.4555428679944562,1.4208599274704419,1.3835253843918416,1.3432347649305427,1.2996257174689134,1.2522617000037215,1.2006095890712167,1.1440085174068209,1.0816261054737026,1.012397195946555,0.9349412431656319,0.8474660954902475,0.7477195957792411,0.6332478700970121,0.5027222765016193,0.35965668761966896,0.21707638528639972,0.0984347887201662,0.02567811971638201,0.0018716741231307014,2.937483865924996e-5,1.0417515532225476e-6,6.597962458051758e-7,6.546567925638214e-7,6.545876397781677e-7,6.545867093092903e-7,6.545866967930266e-7,6.545866966214923e-7,6.545866966199371e-7,6.545866966199371e-7,6.545866966199371e-7,6.545866966199371e-7,6.545866966199371e-7,6.545866966199371e-7,6.545866966199371e-7,6.545866966199371e-7,6.545866966199371e-7,6.545866966199371e-7,6.545866966199371e-7,6.545866966199371e-7,6.545866966199371e-7
1,1,2,3,0,0,1.9532117519992909,1.9531766225439497,1.9530694105094142,1.952886289696096,1.9526232599738904,1.9522761387461145,1.951840551917769,1.9513119243198034,1.9506854695556797,1.9499561792246425,1.9491188114760831,1.9481678788428596,1.9470976352927352,1.9459020624394796,1.9445748548479003,1.943109404349478,1.9414987832899797,1.9397357266226933,1.9378126127347244,1.93572144290399,1.9334538192592703,1.9310009211051309,1.9283534794568666,1.9255017496187676,1.9224354816072022,1.9191438882114653,1.9156156104479507,1.911838680133009,1.9078004792810361,1.9034876959684368,1.8988862762852463,1.8939813719213632,1.8887572828895358,1.8831973948018899,1.8772841100424742,1.8709987720778756,1.8643215820257595,1.8572315064761362,1.8497061753888424,1.8417217687016318,1.8332528900546912,1.8242724257614142,1.8147513868171004,1.804658731343821,1.793961164374668,1.782622911276917,1.7706054603910886,1.7578672695319923,1.7443634298811332,1.7300452793688308,1.714859955856511,1.6987498781573116,1.6816521400214803,1.6634977984614316,1.6442110329138302,1.6237081453313316,1.601896362810983,1.5786723930196906,1.5539206673101305,1.5275111854095655,1.4992968464572023,1.4691101103385051,1.4367587752331694,1.4020205736715106,1.3646361672130745,1.324299939014086,1.2806477128152665,1.233240118952292,1.1815397156984027,1.124879081083911,1.0624159072347794,0.9930700599143734,0.9154388086186955,0.8276992260284075,0.7275653543341036,0.6125810958195537,0.4815418687696953,0.33830817845062455,0.19681421251207043,0.08200833870746468,0.01763679149326353,0.0007997993329357246,1.1966386443466024e-5,8.069531303544563e-7,6.566376965163218e-7,6.546143048207002e-7,6.545870682534743e-7,6.545867016200675e-7,6.545866966878082e-7,6.545866966208587e-7,6.545866966199846e-7,6.545866966199846e-7,6.545866966199846e-7,6.545866966199846e-7,6.545866966199846e-7,6.545866966199846e-7,6.545866966199846e-7,6.545866966199846e-7,6.545866966199846e-7,6.545866966199846e-7,6.545866966199846e-7
1,1,2,4,0,0,1.9439977456198108,1.9439654760625018,1.9438670005598908,1.9436988285604002,1.943457312442277,1.9431386399431716,1.9427388261453729,1.942253705004461,1.9416789203705633,1.9410099164796435,1.9402419278640934,1.9393699686459627,1.9383888211646223,1.9372930238830577,1.9360768585229948,1.9347343363588934,1.933259183609266,1.9316448258460284,1.9298843713390852,1.9279705932499098,1.9258959105651101,1.9236523676634079,1.921231612393953,1.918624872520823,1.915822930386497,1.9128160956212668,1.9095941757058341,1.9061464441748939,1.9024616062175639,1.8985277614092197,1.8943323632627624,1.8898621752593883,1.8851032229631315,1.8800407417792115,1.8746591198451128,1.8689418354781822,1.8628713885162043,1.856429224788826,1.8495956528410744,1.842349751895327,1.8346692698685274,1.8265305100770988,1.817908205019691,1.8087753753595663,1.7991031718822512,1.7888606978084702,1.7780148083358007,1.7665298836883707,1.754367571195047,1.7414864910055208,1.7278418988963864,1.7133852981801567,1.6980639909132087,1.6818205562892885,1.6645922411431258,1.6463102436746624,1.6268988665306914,1.606274508852028,1.5843444582335167,1.5610054319433821,1.5361418010282115,1.5096234094012289,1.4813028701513495,1.4510121793586954,1.4185584279929806,1.3837183062681504,1.346230968678924,1.3057886408464476,1.2620240686812316,1.214493486674268,1.1626531449508448,1.1058265039416248,1.0431579734973795,0.9735479760373771,0.8955655217443841,0.8073483787026419,0.7065639769239596,0.5907303690099148,0.45872658512986586,0.3147486206710193,0.17427563321406547,0.06482038266229591,0.01077140193929721,0.00030095010133804193,4.767410508069547e-6,7.099596099049856e-7,6.553320361158089e-7,6.545967291253388e-7,6.545868316605635e-7,6.545866984389268e-7,6.54586696644806e-7,6.545866966203166e-7,6.545866966200049e-7,6.545866966200049e-7,6.545866966200049e-7,6.545866966200049e-7,6.545866966200049e-7,6.545866966200049e-7,6.545866966200049e-7,6.545866966200049e-7,6.545866966200049e-7
1,1,2,5,0,0,1.9355239352757536,1.9354942412016527,1.9354036322594226,1.9352489169013012,1.935026761308464,1.934733682639532,1.9343660419024218,1.933920036416282,1.933391691844676,1.932776853760771,1.9320711787153613,1.9312701247719133,1.9303689414669094,1.9293626591520123,1.9282460776720995,1.9270137543275183,1.9256599910633199,1.924178820822739,1.9225639929973468,1.920808957899375,1.9189068501726467,1.9168504710492513,1.914632269354989,1.9122443211462894,1.9096783078604034,1.906925492833409,1.9039766960399547,1.9008222668788974,1.8974520548122555,1.8938553776431633,1.890020987195328,1.8859370321150735,1.881591017494877,1.8769697609689615,1.8720593448883207,1.8668450641301604,1.861311369028023,1.855441802846002,1.8492189331260036,1.8426242761423595,1.835638213580289,1.8282399004124805,1.8204071627889746,1.8121163845516364,1.8033423807584157,1.7940582563131002,1.7842352474618437,1.7738425435005283,1.7628470855405922,1.7512133385583546,1.7389030322041528,1.7258748648989055,1.7120841645887346,1.697482498047215,1.6820172187781033,1.6656309412019148,1.6482609258014271,1.6298383559935488,1.6102874824182436,1.5895246036465522,1.567456843440116,1.5439806727924505,1.5189801088363417,1.4923245005666672,1.4638657805712327,1.433435018710913,1.4008380520108652,1.3658498758561883,1.3282073508486931,1.2875995854226048,1.2436550623333495,1.1959241352259546,1.143854854991087,1.0867591081494332,1.0237647467450195,0.953748201960245,0.8752434447039512,0.7863374415020914,0.6846276554585646,0.5675515756136615,0.4339883776856093,0.28862360320975133,0.14952084721447606,0.04785074652705924,0.005559387422440037,0.00010600455805425484,2.0791362208384743e-6,6.737420285244968e-7,6.54844251233553e-7,6.545901595922946e-7,6.545867431816228e-7,6.54586697245969e-7,6.545866966296001e-7,6.545866966190562e-7,6.54586696620032e-7,6.54586696620032e-7,6.54586696620032e-7,6.54586696620032e-7,6.54586696620032e-7,6.54586696620032e-7,6.54586696620032e-7
1,1,2,6,0,0,1.9274788096455922,1.927451512164211,1.9273682223756339,1.9272260240525725,1.9270218721305525,1.9267525866881385,1.926414846596984,1.9260051828193667,1.9255199713283417,1.924955425625157,1.9243075888269061,1.9235723252911612,1.9227453117458708,1.9218220278907836,1.9207977464226147,1.9196675224539348,1.9184261822639215,1.9170683113423053,1.9155882416630305,1.9139800381255156,1.912237484097865,1.910354065991129,1.9083229567701707,1.9061369983226868,1.9037886825783374,1.9012701312692357,1.8985730742065243,1.8956888259352525,1.8926082606149421,1.8893217849569837,1.885819309017883,1.8820902146480947,1.8781233213417536,1.8739068492236868,1.8694283788645052,1.864674807578254,1.8596323018074017,1.8542862451506608,1.8486211815251608,1.8426207528737422,1.8362676307605739,1.8295434410769005,1.82242868097714,1.8149026270172293,1.8069432333065727,1.798527018283103,1.7896289384885513,1.7802222474374716,1.7702783373276922,1.7597665609326079,1.748654030497562,1.7369053898585705,1.7244825552231582,1.711344419117708,1.6974465108189776,1.6827406051113734,1.6671742693386093,1.6506903363365346,1.633226287783362,1.614713528553935,1.595076527517211,1.574231793440891,1.5520866456707338,1.5285377271572713,1.503469191013405,1.476750469251197,1.4482335010443315,1.417749253764324,1.385103307095438,1.350070179403513,1.3123859417226669,1.271738465528621,1.22775435035555,1.1799811215894245,1.1278625977637091,1.0707043030137307,1.0076244026528194,0.937484233796475,0.8587933053135259,0.7695963474215297,0.6674120266681012,0.5495290291664539,0.41467822089953366,0.2681911946254285,0.13133362051278463,0.03863889444017827,0.0052080770512916725,0.0006397610970547817,2.6271450123368984e-5,1.0150475054160874e-6,6.594561394338431e-7,6.546524410220572e-7,6.545875842565505e-7,6.545867086037593e-7,6.545866967825912e-7,6.545866966220886e-7,6.545866966199405e-7,6.545866966200252e-7,6.545866966200252e-7,6.545866966200252e-7,6.545866966200252e-7
1,1,2,7,0,0,1.9201490766111533,1.9201239212814016,1.9200471727520068,1.91991615846716,1.9197280887620565,1.9194800514652286,1.9191690062179418,1.918791778479573,1.9183450532059965,1.9178253681750022,1.9172291069389757,1.9165524913700125,1.9157915737847304,1.9149422285973685,1.9140001434904406,1.9129608100463216,1.9118195138177896,1.9105713237770914,1.909211081114691,1.9077333873206612,1.9061325915028249,1.9044027768720895,1.9025377463314044,1.9005310070954522,1.898375754250992,1.8960648531721631,1.8935908206913226,1.890945804905222,1.888121563505095,1.8851094404779332,1.881900341036598,1.8784847046024993,1.87485247564738,1.870993072179381,1.8668953516333815,1.8625475738878592,1.8579373611076946,1.8530516540562445,1.8478766644833868,1.8423978231472233,1.8365997229444844,1.8304660565724333,1.8239795480430914,1.8171218772812026,1.809873596906197,1.8022140401680495,1.7941212188317017,1.785571709608167,1.7765405274916688,1.7670009840684493,1.7569245285272892,1.746280568666137,1.735036268682169,1.7231563199027349,1.7106026798322098,1.6973342739230866,1.683306653282557,1.6684716000040325,1.6527766699012219,1.6361646599846722,1.6185729848864128,1.5999329423826083,1.5801688428694192,1.5591969706723958,1.536924335773847,1.5132471620604946,1.4880490412062244,1.4611986579398035,1.432546959897536,1.4019235993220178,1.3691324081314065,1.3339455724741072,1.2960960324175517,1.2552674227294176,1.2110805538824927,1.163074949932593,1.1106832263773327,1.0531950022152294,0.9897055535680117,0.919042935505658,0.8396682716456993,0.7495581589889717,0.6461488786192682,0.5267031369445512,0.39036944796223416,0.24450765225521387,0.11395429426543746,0.03316023408870472,0.00619934327636255,0.0008305645751922393,2.0691932167056383e-5,9.281173689914063e-7,6.582764027343012e-7,6.546364597533772e-7,6.545873677776636e-7,6.545867056715243e-7,6.545866967413712e-7,6.545866966214991e-7,6.545866966198592e-7,6.545866966198592e-7,6.545866966198592e-7
1,1,2,8,0,0,1.9135245268440144,1.9135012739722868,1.9134303341122916,1.9133092491910446,1.9131354542165582,1.9129062724192352,1.9126189101332756,1.9122704514089435,1.9118578523310958,1.9113779350317088,1.9108273813721013,1.910202726272317,1.909500350661716,1.9087164740357565,1.9078471465717968,1.9068882407921706,1.9058354427260227,1.9046842425458763,1.9034299246299682,1.9020675570104757,1.90059198016138,1.8989977950741164,1.8972793505608934,1.8954307297261863,1.89344573553889,1.8913178754262532,1.8890403448066664,1.886606009476182,1.8840073867322502,1.8812366251408505,1.878285482804074,1.8751453040000499,1.871806994033193,1.8682609921261886,1.8644972421569435,1.860505161018203,1.8562736043622152,1.851790829448241,1.8470444547847293,1.8420214162097608,1.83670791900812,1.8310893856123656,1.825150398364542,1.8188746367406452,1.812244808357967,1.805242572970723,1.7978484585521635,1.7900417684013128,1.7818004780519416,1.7731011205510718,1.763918658428107,1.7542263403850775,1.7439955403740477,1.7331955762992521,1.7217935050445412,1.7097538898844995,1.697038535523454,1.683606185012522,1.6694121715480321,1.6544080165789978,1.6385409636630754,1.6217534349730727,1.6039823940842552,1.5851585944368907,1.5652056873235622,1.5440391559267468,1.5215650321595007,1.4976783398956997,1.472261190213203,1.4451804295019386,1.41628470666803,1.3854007766482113,1.3523287870757201,1.3168361924332288,1.2786497885936825,1.2374451338180492,1.1928322786152066,1.1443362028202557,1.0913695631946894,1.033194187269821,0.9688662138897008,0.8971585238567421,0.8164566039273673,0.7246451911952043,0.6191016706186332,0.49728582369850116,0.35950851049597965,0.21640067561735865,0.09575507966199748,0.028016737188884977,0.005983037226962215,0.0005564068673278431,1.0065381494371354e-5,7.819106001017833e-7,6.563035105254503e-7,6.546098448022386e-7,6.545870087310936e-7,6.545867008279765e-7,6.54586696676031e-7,6.545866966208756e-7,6.545866966202421e-7
1,1,2,9,0,0,1.9073884120897162,1.9073668934010755,1.9073012478649076,1.9071892113118167,1.9070284217610975,1.9068164150328641,1.9065506201250315,1.9062283543558323,1.905846818241372,1.905403090114504,1.904894120431294,1.9043167257903235,1.9036675826052232,1.9029432204343522,1.902140014925422,1.9012541803605387,1.9002817617734422,1.8992186265956406,1.8980604558125478,1.8968027345836163,1.8954407422922301,1.89396954197408,1.8923839690864526,1.8906786195582583,1.8888478370669333,1.8868856994773537,1.8847860043775455,1.8825422536287846,1.880147636854133,1.8775950137593753,1.8748768952048422,1.8719854228860768,1.8689123475248124,1.8656490054077324,1.8621862931235569,1.8585146403299788,1.85462398033728,1.850503718300466,1.84614269677013,1.8415291583096263,1.8366507048817056,1.831494253625685,1.8260459886314493,1.8202913082392485,1.8142147673369777,1.8078000140491923,1.8010297201175973,1.7938855041728878,1.7863478469669722,1.778395997490282,1.770007868720075,1.7611599215354232,1.7518270350824139,1.741982361567885,1.7315971630906404,1.7206406276749782,1.7090796611138117,1.696878650567463,1.683999195018778,1.6703997966555448,1.6560355059562113,1.6408575116111237,1.624812664348056,1.6078429210704215,1.5898846923061143,1.5708680715178858,1.5507159190059099,1.5293427654237703,1.506653489620632,1.4825417115912458,1.4568878222643846,1.429556545510465,1.4003938907971687,1.3692233024503082,1.335840735853239,1.3000082803966677,1.2614457850967398,1.219819696489452,1.1747279442210399,1.1256791386198834,1.0720634807974783,1.0131115351200641,0.9478354514510698,0.8749463381723643,0.7927461997866381,0.6990238589304667,0.591121475363277,0.4668353383885684,0.32804549584391474,0.18911693416622377,0.07981933639483518,0.02353404043912291,0.004800046181306596,0.0002575962601467359,4.387800511008186e-6,7.051417209732756e-7,6.552706411147501e-7,6.54595949369115e-7,6.545868217945542e-7,6.545866983137828e-7,6.545866966661208e-7
1,1,2,10,0,0,1.9017046451056387,1.9016847088376778,1.9016238938382486,1.9015201115026628,1.9013711835788598,1.9011748381834508,1.9009287056245512,1.9006303140013472,1.9002770845813615,1.899866326932937,1.8993952338038724,1.8988608757214962,1.8982601953061078,1.8975900012666074,1.8968469620720896,1.8960275992662048,1.895128280396392,1.8941452115507929,1.893074429451687,1.8919117930854128,1.8906529748363994,1.8892934510849457,1.8878284922260136,1.8862531520727757,1.884562256585717,1.8827503918880382,1.8808118914963003,1.8787408227118334,1.8765309720991539,1.8741758299771476,1.8716685738303056,1.8690020505603115,1.8661687574558101,1.8631608217823796,1.8599699788513178,1.8565875484290473,1.8530044093309783,1.8492109720143617,1.8451971489748473,1.840952322722913,1.836465311082307,1.8317243295329604,1.826716950268377,1.8214300576090494,1.815849799352364,1.8099615335887052,1.8037497704389693,1.7971981081042117,1.7902891624998318,1.7830044896711499,1.7753245000274909,1.7672283632998074,1.7586939029363364,1.749697478435838,1.7402138538580587,1.7302160504326132,1.7196751808145052,1.7085602620607716,1.696838003842828,1.6844725677059955,1.671425292321139,1.6576543786010092,1.6431145271921537,1.6277565191635546,1.6115267285247512,1.594366552446779,1.5762117414643981,1.5569916072689836,1.5366280795657872,1.515034575323753,1.4921146328322337,1.4677602481782799,1.4418498314721546,1.4142456719873806,1.3847907617736084,1.3533047708330272,1.3195788852884647,1.2833691001318783,1.244387379751899,1.202289830349919,1.156660618399961,1.1069897430548394,1.0526418272884968,0.9928117514374186,0.9264613931826311,0.8522314425162669,0.7683302443212199,0.6724468888114217,0.5619272599038609,0.43511145064210766,0.2959768077945446,0.16271371846984373,0.06569316830563343,0.018936804369426755,0.0030803649011126822,8.983124736231248e-5,1.8830548607944406e-6,6.711961368813344e-7,6.548112067906115e-7,6.545897318697874e-7,6.545867786504804e-7
1,1,2,11,0,0,1.8964326438641308,1.8964141546126427,1.8963577564127831,1.89626152005809,1.8961234340267197,1.8959414008640465,1.895713233387653,1.895436650696979,1.8951092739904993,1.8947286221534938,1.8942921071293313,1.8937970290378559,1.8932405710460074,1.8926197939507858,1.8919316304819631,1.8911728792839995,1.8903401985656956,1.8894300993966766,1.8884389386195153,1.887362911358423,1.8861980430910847,1.884940181247714,1.883584986315931,1.8821279224013523,1.8805642472092927,1.8788890014045663,1.8770969972943234,1.8751828067892617,1.873140748576418,1.8709648744436862,1.868648954687302,1.8661864625175113,1.8635705573838095,1.8607940671182277,1.8578494687971912,1.8547288681982579,1.8514239777267676,1.847926092664089,1.8442260655778853,1.8403142787098261,1.836180614141675,1.8318144215059249,1.827204482990787,1.822338975344394,1.8172054285481352,1.811790680795589,1.8060808293448076,1.8000611767624548,1.7937161720150527,1.7870293457660438,1.7799832391526422,1.7725593252066751,1.7647379219423982,1.7564980959819607,1.7478175554044952,1.7386725302744317,1.7290376390402926,1.718885738665044,1.7081877559618235,1.6969124971189444,1.6850264318137675,1.672493447586298,1.6592745692435358,1.6453276369359955,1.6306069351437955,1.6150627630172139,1.5986409342505112,1.581282191741984,1.5629215185295493,1.5434873215557374,1.5229004583331829,1.5010730679472886,1.4779071562350268,1.453292869204958,1.4271063670825939,1.3992071811623745,1.3694348930274671,1.337604914718959,1.303503059898901,1.2668784656445098,1.2274342296263683,1.1848148325035268,1.1385889650667451,1.0882256922667182,1.0330608589902006,0.9722492219210785,0.9046963243778876,0.8289648480191012,0.7431631830552696,0.6448902120724682,0.5315757466602911,0.40239920188461653,0.2640193580532486,0.137959189391053,0.05320752952922364,0.014208847611426552,0.001535700619296408,2.8710664593748884e-5,1.0352882423277174e-6,6.597288335611217e-7,6.547255325244546e-7
1,1,2,12,0,0,1.8915331953012497,1.891516032902615,1.89146368437477,1.8913743656809459,1.8912462170841593,1.8910772998496554,1.890865592795663,1.8906089886685749,1.8903052903384747,1.8899522067980996,1.8895473489649106,1.8890882252649135,1.8885722369800249,1.887996673361684,1.8873587064759647,1.8866553857766775,1.8858836323847186,1.8850402330499776,1.8841218337773853,1.8831249331013282,1.8820458749655415,1.880880841207059,1.8796258435882436,1.8782767153675053,1.8768291023579593,1.8752784534466116,1.87362001052837,1.8718487978117793,1.8699596104419243,1.867947002398573,1.8658052735960098,1.863528456128023,1.8611102995875441,1.858544255373026,1.8558234599051247,1.8529407166511476,1.849888476846104,1.8466588188049897,1.843243425674416,1.839633561497557,1.8358200454070115,1.8317932237795418,1.8275429401319414,1.8230585025301451,1.8183286482550685,1.8133415054204534,1.8080845512133195,1.8025445663734985,1.79670758548788,1.7905588425890429,1.78408271151784,1.777262640377053,1.7700810793472677,1.7625194009996505,1.754557812102778,1.7461752557701544,1.737349302589223,1.7280560291514604,1.7182698821133968,1.7079635255918006,1.6971076692763063,1.6856708741520663,1.673619332105325,1.6609166149267196,1.6475233872906827,1.6333970771131945,1.6184914952043385,1.602756394274877,1.5861369549518827,1.5685731834012273,1.549999201162187,1.5303424026015549,1.5095224485076102,1.4874500551860024,1.4640255260499373,1.439136955856803,1.4126580144994563,1.3844451847881913,1.3543342826750688,1.322136022326447,1.2876302922112828,1.2505586660497343,1.2106144590230272,1.1674293156305495,1.1205548201224786,1.0694368657088589,1.013379403551994,0.9514927105574493,0.8826200618993809,0.8052389856176205,0.7173536136960408,0.61649057711006,0.5002741289967982,0.3690638780782365,0.2327143850971698,0.11534831144774182,0.042060063986447016,0.009608979915673138,0.0005810684241439216,9.255016012152276e-6,8.880770628927143e-7
1,1,2,13,0,0,1.8869837474009046,1.8869678016433085,1.8869191661161153,1.8868361890491911,1.8867171489375352,1.8865602515439406,1.8863636267465438,1.8861253252387087,1.8858433150628287,1.8855154779780747,1.885139605637761,1.884713395577208,1.884234447001134,1.8837002563436442,1.8831082126108356,1.8824555924594364,1.881739555032965,1.8809571365066802,1.88010524434074,1.8791806512180216,1.8781799886411221,1.8770997401684184,1.8759362342716344,1.8746856367670972,1.8733439428174208,1.871906968453061,1.8703703415802408,1.868729492447315,1.8669796435223915,1.8651157987268334,1.863132731994277,1.8610249750856198,1.8587868046016993,1.8564122281378985,1.8538949694917761,1.8512284528569865,1.8484057859107708,1.8454197416913587,1.842262739166415,1.8389268223612518,1.8354036379207699,1.8316844109486823,1.8277599189587974,1.823620463753464,1.8192558410106585,1.8146553073488718,1.8098075446018598,1.804700620999526,1.7993219489084282,1.793658238756521,1.7876954486803527,1.7814187294092108,1.774812363794048,1.7678597003208978,1.7605430798467623,1.7528437546663085,1.744741798892818,1.7362160089495475,1.727243792788741,1.7178010461913757,1.7078620142356442,1.6973991356516152,1.6863828673650403,1.6747814860065162,1.662560862529169,1.64968420527412,1.6361117658548565,1.6218005009843424,1.6067036818325064,1.5907704405183267,1.5739452408385404,1.5561672570839349,1.5373696405864195,1.5174786481149027,1.496412598930867,1.474080617538469,1.450381105953305,1.4251998712523033,1.3984078091653913,1.3698580094235098,1.339382098751976,1.3067855655745149,1.2718417053999929,1.2342836698171382,1.1937938671023645,1.1499896046951648,1.1024033160320883,1.0504548823393307,0.9934123485952107,0.930335807804429,0.8599983493334626,0.7807826271883478,0.6905826721018293,0.5868789805945482,0.46765133936788317,0.3348843442654541,0.20191801665213926,0.09454039225798683,0.031623927120431515,0.005565780408676921,0.0005360876606615116
1,1,2,14,0,0,1.8827455525082541,1.8827307267418547,1.8826855090096615,1.8826083685701036,1.8824977103697478,1.8823518722984431,1.8821691223088948,1.8819476554074157,1.8816855904918413,1.8813809670361081,1.8810317416126026,1.8806357842440349,1.8801908745623592,1.8796946977901428,1.879144840493339,1.8785387861394156,1.877873910403025,1.8771474762349527,1.8763566286661018,1.8754983893284276,1.8745696506791063,1.8735671699080854,1.872487562500865,1.8713272954394427,1.8700826800186974,1.8687498642360367,1.8673248247500993,1.8658033583434417,1.8641810728814647,1.8624533777212307,1.8606154735134623,1.858662341375549,1.856588731364596,1.8543891502089807,1.8520578482271048,1.8495888053747578,1.8469757163416602,1.8442119746203716,1.8412906554498107,1.8382044975442682,1.8349458834870873,1.831506818674839,1.8278789086658165,1.8240533347887506,1.820020827836153,1.815771639648439,1.8112955123832535,1.8065816452145924,1.8016186582037008,1.7963945530187502,1.7908966701676121,1.785111642335032,1.7790253433786702,1.7726228324640374,1.7658882927489614,1.7588049639322563,1.7513550678861733,1.7435197264650384,1.7352788704316424,1.7266111382842055,1.7174937635414338,1.7079024488095769,1.6978112246456547,1.6871922908775758,1.6760158375860783,1.6642498424275587,1.6518598403012348,1.6388086605438446,1.6250561258064522,1.6105587054895807,1.5952691149824005,1.5791358498960264,1.5621026418425856,1.544107818905367,1.5250835495098372,1.5049549425867852,1.4836389691886183,1.4610431603697478,1.437064022119813,1.4115850889043244,1.3844745106964496,1.355582030866323,1.324735158815038,1.2917342639173341,1.2563462038513435,1.2182959314585489,1.177255269431491,1.1328276538801632,1.0845270551178672,1.031748393505147,0.9737255121515176,0.9094713572199318,0.837695032510176,0.7566992582791414,0.6643101416073875,0.5580923431524205,0.4367714176807631,0.3048198520874017,0.1797355391870048,0.09040032676959109,0.05657410253688469
1,1,2,15,0,0,1.8787878230751431,1.878774032105298,1.8787319719540534,1.878660223079919,1.8785573065699737,1.8784216816372492,1.8782517429839771,1.878045818053124,1.8778021641353888,1.8775189653505038,1.8771943294730846,1.8768262846079722,1.8764127756967781,1.8759516608553497,1.8754407075289095,1.8748775884401425,1.8742598773477965,1.8735850445679603,1.872850452275813,1.8720533495493896,1.8711908671545103,1.8702600120462307,1.8692576615666354,1.8681805573350658,1.867025298777861,1.8657883363075314,1.8644659641065857,1.8630543124936878,1.8615493398398613,1.8599468240041972,1.8582423532570544,1.8564313166451498,1.8545088937570995,1.852470043849138,1.8503094942766154,1.8480217281727889,1.845600971319655,1.8430411781381721,1.840336016729026,1.837478852879208,1.834462732944246,1.831280365507645,1.8279241017079642,1.8243859141060454,1.8206573739587455,1.8167296267514388,1.8125933658037496,1.8082388037790764,1.8036556418604732,1.7988330363743188,1.7937595625696687,1.7884231752631763,1.7828111659914896,1.7769101162827141,1.7707058465925485,1.7641833603991728,1.7573267828654906,1.7501192933958265,1.7425430513131062,1.7345791137625994,1.7262073447987731,1.7174063144535339,1.7081531863749717,1.6984235923826034,1.6881914920031917,1.6774290146890536,1.6661062819989851,1.6541912065003217,1.6416492635093292,1.628443230995309,1.6145328919981807,1.5998746926752858,1.5844213475651827,1.568121381690041,1.550918596644017,1.532751444610419,1.5135522901094163,1.4932465338664258,1.4717515660451213,1.4489755065881553,1.4248156776107805,1.3991567354040058,1.3718683656939206,1.3428024125504265,1.311789264561959,1.2786332553356559,1.2431067397134328,1.2049423685421559,1.163822883744679,1.119367466509658,1.0711132718423002,1.0184902915578036,0.9607873196121162,0.8971075339030499,0.8263179590594767,0.7470228441304059,0.6576935869472997,0.557463752652172,0.4492705136155095,0.34913144486377945,0.2995517654586717
1,1,2,16,0,0,1.8750929418592648,1.8750801102740695,1.875040977426167,1.8749742263583329,1.8748784853204938,1.8747523254738923,1.87459425849147,1.8744027340392648,1.8741761371508971,1.8739127854675814,1.873610926355127,1.8732687338768557,1.872884305628034,1.8724556594070236,1.8719807297295006,1.8714573641715333,1.8708833195231023,1.8702562577557273,1.8695737417764775,1.8688332309749853,1.868032076529289,1.8671675164709,1.8662366704913893,1.86523653446082,1.8641639746656153,1.863015721722732,1.8617883641511241,1.860478341600924,1.859081937684536,1.8575952724111318,1.856014294168041,1.8543347712447371,1.852552282851022,1.8506622095899985,1.8486597233573647,1.8465397766101148,1.8442970909688938,1.841926145094277,1.839421161780173,1.8367760942062787,1.833984611275767,1.8310400819651207,1.8279355586022916,1.8246637589835615,1.82121704722244,1.817587413223876,1.8137664506593367,1.8097453332978404,1.8055147895523689,1.8010650750570107,1.796385943098464,1.7914666126768637,1.7862957339667105,1.7808613509053757,1.775150860613472,1.769150969303503,1.7628476442971248,1.7562260617196799,1.7492705493787426,1.7419645242675017,1.7342904240601982,1.7262296318684847,1.7177623934261774,1.7088677257452858,1.6995233161361227,1.6897054103176359,1.6793886881364273,1.6685461251750624,1.6571488382419233,1.6451659123915974,1.632564206718655,1.6193081356772154,1.6053594220756793,1.590676817195991,1.5752157826069677,1.558928127189553,1.5417615916108716,1.5236593709124193,1.504559563977935,1.4843945363144968,1.463090179782931,1.4405650495388471,1.4167293544961908,1.3914837731278382,1.3647180616555161,1.3363094173835606,1.306120557834241,1.2739974803608902,1.2397668856344097,1.2032333008428537,1.1641760673256627,1.1223466616529834,1.0774675372836882,1.0292354103466366,0.9773362977304103,0.921491393784521,0.8615874868731517,0.7980558226986219,0.7330695922824866,0.6748065119901376,0.6474487744763486
1,1,2,17,0,0,1.8716446625666379,1.8716327291971595,1.8715963368831012,1.8715342643581891,1.871445239926004,1.871327939369678,1.871180983778629,1.8710029372665105,1.8707923045966055,1.8705475286890731,1.8702669880241558,1.869948993914619,1.869591787663154,1.8691935375754696,1.8687523358397442,1.868266195257064,1.867733045811292,1.867150731080713,1.8665170044713761,1.865829525263507,1.8650858544695268,1.8642834504829011,1.863419664507063,1.8624917357600026,1.8614967864251497,1.8604318163507116,1.8592936974733618,1.8580791679448936,1.8567848259562112,1.8554071232239977,1.8539423581390508,1.852386668529391,1.8507360240349868,1.848986218058819,1.8471328592661465,1.8451713626043897,1.8430969398120283,1.8409045893744675,1.8385890859014822,1.8361449688726026,1.8335665307136821,1.8308478041544376,1.827982548816351,1.8249642369698336,1.8217860384084759,1.8184408043629077,1.814921050390815,1.8112189381606782,1.8073262560422378,1.8032343984158317,1.798934343589842,1.7944166302271896,1.789671332149922,1.7846880313958664,1.7794557893778489,1.7739631159967715,1.7681979365281109,1.762147556100608,1.7557986215576236,1.749137080485042,1.742148137157507,1.7348162051422946,1.7271248562751111,1.719056765701005,1.710593652643425,1.7017162165542317,1.6924040682627108,1.6826356557321276,1.672388184011318,1.6616375289787726,1.6503581444664377,1.6385229623983477,1.626103285634116,1.613068673315631,1.599386818693148,1.585023419682031,1.5699420428219213,1.5541039819431575,1.5374681137839445,1.5199907542116762,1.501625520779271,1.4823232104680955,1.4620317061280659,1.4406959321865713,1.4182578909689454,1.3946568276335896,1.3698295978699733,1.3437113542753636,1.3162367354599596,1.2873418558190863,1.2569675898580641,1.225064993842885,1.1916043547465165,1.1565906184856942,1.1200905671924488,1.0822829973685444,1.043558144053108,1.004734923030874,0.9676171936510798,0.9367843827757056,0.9233541629138315
1,1,2,18,0,0,1.8684736716619028,1.8684625821043994,1.8684287642492023,1.8683710865326617,1.8682883712165221,1.8681793925272672,1.868042874703164,1.8678774899665314,1.8676818564012336,1.8674545357512358,1.8671940311058677,1.86689878450278,1.8665671744117702,1.8661975131189195,1.8657880439907757,1.865336938614945,1.8648422938201463,1.8643021285574406,1.8637143806475223,1.8630769033753722,1.8623874619357395,1.861643729715098,1.8608432844057177,1.8599836039361008,1.8590620622259877,1.8580759247306844,1.8570223437913569,1.8558983537563734,1.8547008658882618,1.8534266630177996,1.852072393953918,1.8506345676243257,1.8491095469434953,1.847493542376803,1.845782605207006,1.8439726204738918,1.8420592995641556,1.8400381724592023,1.8379045795891074,1.8356536633044414,1.83328035892319,1.8307793853470713,1.828145235211288,1.8253721645633476,1.8224541820295812,1.819385037455504,1.81615820999518,1.8127668956212517,1.8092039940326572,1.8054620949323805,1.8015334636577336,1.797410026129107,1.7930833531029506,1.7885446437046966,1.7837847082275857,1.7787939501793844,1.7735623475728843,1.7680794334608052,1.7623342757227363,1.756315456123275,1.750011048685458,1.7434085974317526,1.7364950935786183,1.7292569523013483,1.721679989230708,1.7137493968871738,1.7054497213380984,1.6967648394400996,1.687677937143384,1.67817148946434,1.6682272429283103,1.6578262014893212,1.6469486172444476,1.6355739876272182,1.623681061260541,1.611247855281448,1.5982516877928248,1.5846692301933274,1.5704765856114022,1.5556494016205917,1.5401630280745877,1.5239927345024071,1.507114006494632,1.4895029474550086,1.4711368219217391,1.4519947907753306,1.432058909279803,1.4113154896649718,1.3897569769084868,1.3673845600097891,1.3442118603124058,1.3202702391665753,1.295616621308092,1.2703453920546082,1.244607256334163,1.2186408816267615,1.1928304615702459,1.1678237902816164,1.144823605578928,1.1265088083255037,1.1187893276619505
1,1,2,19,0,0,1.865537127663032,1.8655268553560092,1.8654955308664682,1.8654421093471143,1.8653655041209447,1.8652645850345522,1.8651381767607091,1.8649850570318591,1.8648039547992141,1.8645935483203573,1.8643524631773118,1.8640792702093592,1.863772483367839,1.8634305574856853,1.8630518859567076,1.8626347983286706,1.862177557794226,1.8616783585917034,1.8611353232927286,1.8605464999936885,1.8599098593891767,1.859223291737436,1.8584846036981446,1.8576915150601394,1.8568416553261642,1.8559325601784025,1.8549616678000262,1.853926315061429,1.8528237335546436,1.8516510454811197,1.8504052593844165,1.8490832657248149,1.847681832284124,1.846197599413287,1.8446270750951044,1.842966629839239,1.841212491402061,1.8393607393080984,1.8374072992076123,1.8353479370277554,1.833178252955797,1.830893675216437,1.8284894536813212,1.8259606532802621,1.8233021472442559,1.820508610175878,1.8175745109512178,1.8144941054789143,1.8112614293209717,1.807870290202061,1.8043142604254214,1.8005866692332546,1.7966805951440605,1.792588858314339,1.7883040129803618,1.783818340046956,1.7791238399022973,1.7742122255556438,1.7690749162145494,1.763703031438503,1.7580873860337434,1.752218485889152,1.746086524984662,1.7396813838593985,1.7329926298707221,1.7260095196568912,1.718721004276702,1.7111157376199415,1.7031820887786893,1.6949081592355952,1.6862818058800784,1.6772906711014812,1.6679222214639609,1.6581637968074787,1.6480026720338472,1.637426134363615,1.6264215795097172,1.6149766310599603,1.6030792884410374,1.5907181102470176,1.5778824415460946,1.5645626962149777,1.5507507086053494,1.5364401732628963,1.5216271975259232,1.506311000385871,1.490494803268831,1.4741869764012137,1.4574025315629413,1.4401650942501476,1.4225095564273715,1.4044857259715755,1.386163493049267,1.367640419782333,1.3490534481743595,1.330598194009461,1.3125637981337732,1.2954047338858388,1.279920234999068,1.2678255980644764,1.2627968519347519
1,1,2,20,0,0,1.8628307644546709,1.8628212979466667,1.862792431792613,1.8627432064245966,1.8626726248679262,1.8625796513536557,1.8624632098698441,1.8623221826685352,1.8621554087211223,1.8619616821188458,1.8617397504157367,1.8614883129228446,1.8612060189339985,1.8608914659011475,1.8605431975417872,1.8601597018898417,1.859739409277509,1.8592806902514667,1.858781853429491,1.8582411432754782,1.8576567378215287,1.8570267463029637,1.8563492067354304,1.8556220834104096,1.8548432643222839,1.8540105585205282,1.853121693386953,1.8521743118420915,1.8511659694738682,1.8500941316000734,1.8489561702498207,1.8477493610860023,1.8464708802495977,1.845117801148092,1.8436870911764487,1.8421756083833998,1.8405800980845584,1.8388971894328563,1.8371233919511525,1.8352550920322273,1.8332885494232656,1.831219893706887,1.8290451207870149,1.826760089405397,1.8243605176941244,1.821841979805896,1.8191999026307997,1.816429562640586,1.8135260828883375,1.8104844302038927,1.8072994126355866,1.8039656771824468,1.8004777078852996,1.7968298243366547,1.7930161806945222,1.7890307652873503,1.7848674009147203,1.7805197459648099,1.7759812964815964,1.7712453893444433,1.7663052067411655,1.7611537821395586,1.7557840080095843,1.7501886455695157,1.7443603368873752,1.7382916197129248,1.731974945486165,1.7254027010329551,1.7185672345607088,1.7114608866500234,1.704076027093869,1.6964050985602697,1.688440668262352,1.6801754890291178,1.6716025714588696,1.6627152691805733,1.6535073796671327,1.6439732635999889,1.6341079864570247,1.623907486882871,1.613368777539712,1.6024901856441147,1.5912716423954407,1.5797150332314658,1.5678246245939604,1.5556075881904476,1.543074651365643,1.5302409134755592,1.5171268853419235,1.503759835884054,1.4901755742220146,1.476420871050415,1.4625568590412215,1.4486640124909087,1.4348498446097153,1.4212616824568443,1.4081100058854545,1.395717198559943,1.3846409123613626,1.3760687804850562,1.372527609803214
1,1,2,21,0,0,1.8603533994842962,1.8603447344916049,1.8603183134738828,1.860273261318298,1.860208669960869,1.860123597229176,1.860017065662106,1.8598880612871795,1.8597355323632598,1.8595583880905338,1.859355497283417,1.8591256869986097,1.858867741143655,1.858580399027801,1.8582623538947587,1.8579122514007338,1.8575286880703743,1.8571102097061924,1.8566553097609528,1.8561624276839694,1.8556299472229085,1.8550561946903343,1.8544394372088533,1.8537778809097034,1.8530696691120596,1.8523128804729083,1.851505527108614,1.850645552696676,1.8497308305585847,1.8487591617250416,1.8477282730013798,1.8466358150051576,1.8454793602356574,1.8442564011158424,1.8429643480804714,1.8416005276640703,1.8401621806326034,1.838646460155843,1.8370504300318373,1.8353710629852031,1.8336052390448998,1.8317497440238384,1.8298012681148776,1.8277564046342079,1.8256116489238465,1.8233633974444174,1.8210079470958718,1.8185414947820036,1.8159601372723415,1.8132598713981878,1.8104365946261538,1.8074861060605443,1.8044041079424815,1.8011862076994944,1.797827920629615,1.794324673293282,1.7906718077181196,1.78686458650607,1.782898198979602,1.7787677684812522,1.774468360994355,1.7699949952474867,1.7653426544978146,1.7605063002161643,1.755480887926609,1.7502613854886846,1.744842794151289,1.7392201727643126,1.7333886655782536,1.7273435341510677,1.7210801939487368,1.7145942563282972,1.7078815767249367,1.7009383099904696,1.693760974032891,1.6863465231047599,1.678692432391692,1.670796795878502,1.6626584399291318,1.65427705558632,1.6456533533505322,1.6367892451814399,1.6276880598111774,1.618354799279416,1.6087964471424598,1.5990223424378556,1.5890446387393808,1.5788788755180718,1.5685447010931668,1.5580668056533895,1.5474761544354365,1.5368116655804087,1.5261225757809456,1.5154719267333618,1.5049419994523134,1.4946434208303714,1.4847319684730351,1.4754439998874886,1.467186738103024,1.460827739415059,1.4582101834327403
1,1,2,22,0,0,1.858103494055328,1.8580956250641094,1.8580716321902315,1.8580307237034077,1.8579720792509136,1.857894848937434,1.8577981523860103,1.8576810777666282,1.8575426808169908,1.8573819838323544,1.8571979746387086,1.8569896055468718,1.8567557922808788,1.8564954128968338,1.8562073066697167,1.8558902729800622,1.8555430701690483,1.855164414386877,1.8547529784283796,1.8543073905512983,1.853826233288757,1.8533080422553354,1.8527513049427,1.8521544595185304,1.851515893624935,1.8508339431733276,1.8501068911602232,1.8493329664849227,1.8485103427878897,1.8476371373109686,1.8467114097806245,1.845731161338449,1.8446943334914465,1.843598807137056,1.8424424016180438,1.8412228738683467,1.839937917621313,1.8385851627098475,1.837162174469583,1.83566645325768,1.8340954340937117,1.8324464864573429,1.8307169142461888,1.8289039559150737,1.8270047848304714,1.8250165098472237,1.8229361761494047,1.8207607663788679,1.8184872020802914,1.8161123455039103,1.8136330018034954,1.8110459216737524,1.808347804472895,1.80553530188768,1.8026050221957988,1.7995535351927074,1.7963773778561531,1.7930730608298475,1.7896370758092388,1.786065903943765,1.7823560253510706,1.7785039298825112,1.7745061292753093,1.770359170848323,1.766059652931169,1.7616042422178921,1.7569896932903077,1.752212870566133,1.7472707729856864,1.7421605617819083,1.7368795917396582,1.7314254464288936,1.7257959779466319,1.7199893518424219,1.7140040979900988,1.7078391683367755,1.7014940026511454,1.694968603629242,1.688263623035084,1.6813804609492848,1.6743213807382986,1.6670896430650117,1.6596896632222453,1.6521271973963039,1.6444095653351027,1.6365459195447727,1.6285475750514138,1.6204284196044298,1.6122054332330649,1.603899360468553,1.5955356023543104,1.587145436491916,1.5787677480774747,1.5704515990885284,1.562260262679743,1.5542780341904958,1.546622889492042,1.5394733513975254,1.5331374082335572,1.52827352807342,1.526276072862828
1,1,2,23,0,0,1.8560772694764438,1.8560701831491002,1.8560485775358586,1.8560117423140525,1.8559589426110676,1.8558894182945949,1.8558023832412402,1.8556970246058455,1.8555725020733291,1.8554279470964445,1.8552624621350446,1.8550751198767301,1.8548649624590325,1.854631000679106,1.854372213204229,1.854087545775144,1.853775910409567,1.853436184606437,1.8530672105522967,1.8526677943327883,1.8522367051485134,1.8517726745426444,1.851274395641866,1.850740522411357,1.8501696689251332,1.8495604086709108,1.8489112738657525,1.848220754816694,1.8474872993090798,1.846709312040275,1.8458851541030015,1.8450131425129541,1.8440915498073167,1.8431186037041556,1.842092486841338,1.8410113365958267,1.8398732449994668,1.8386762587605006,1.8374183793942223,1.8360975634861063,1.8347117230934913,1.833258726302276,1.8317363979479993,1.8301425205317514,1.8284748353379356,1.826731043768973,1.8249088089408119,1.823005757529323,1.8210194819293548,1.8189475427247856,1.8167874715147576,1.814536774129401,1.8121929342636562,1.8097534175757843,1.807215676294355,1.804577154376922,1.801835293278387,1.7989875383848783,1.796031346180925,1.7929641922180437,1.7897835799685495,1.7864870506533919,1.7830721941407432,1.7795366610347827,1.7758781760726379,1.7720945529797945,1.7681837109460474,1.7641436929040637,1.759972685827556,1.7556690432947804,1.751231310603373,1.7466582527665295,1.7419488857881475,1.737102511674948,1.7321187577357335,1.726997620843072,1.7217395174472614,1.7163453403347688,1.7108165233434605,1.7051551155616238,1.6993638669168973,1.6934463276248835,1.6874069646799086,1.6812512995903006,1.6749860729774682,1.6686194437129913,1.6621612332556097,1.6556232303759444,1.6490195784300496,1.642367278505489,1.6356868602352392,1.6290033040355283,1.6223473566391533,1.6157574941674753,1.6092830209046625,1.6029893265061972,1.5969677007694898,1.5913562522988371,1.586393789731325,1.5825923681962237,1.5810336926752484
1,1,3,0,0,0,1.8542677107892018,1.8542613824804448,1.8542420887686433,1.8542091975728852,1.8541620559784775,1.8540999896927275,1.8540223025096338,1.8539282757518407,1.8538171677352295,1.8536882132097645,1.8535406228115505,1.8533735825112956,1.8531862530665393,1.8529777694695042,1.85274724041048,1.8524937477416756,1.8522163459448109,1.8519140616179612,1.8515858929631719,1.8512308092986984,1.8508477505795469,1.850435626945,1.8499933182778534,1.8495196737971042,1.8490135116799848,1.8484736187049435,1.8478987499425727,1.8472876284814532,1.8466389451931207,1.8459513585598586,1.8452234945351478,1.8444539464873486,1.843641275192681,1.8427840089021998,1.8418806434936386,1.8409296427029602,1.839929438453737,1.8388784312813016,1.8377749908787564,1.8366174567542828,1.8354041390232538,1.8341333193435787,1.8328032520049078,1.8314121651827833,1.8299582623748805,1.8284397240421342,1.8268547094448735,1.8252013587296574,1.823477795251371,1.8216821281711049,1.8198124553461241,1.8178668665388855,1.8158434469651041,1.8137402812198076,1.8115554576046122,1.8092870728947545,1.8069332375856888,1.8044920816561927,1.801961760899765,1.7993404638726744,1.796626419518958,1.7938179055297567,1.7909132575164364,1.7879108790755254,1.7848092528301933,1.7816069525631164,1.7783026565440068,1.7748951622011404,1.77138340227674,1.7677664626601768,1.7640436020963932,1.7602142740193116,1.756278150803709,1.7522351507688967,1.7480854683612819,1.7438296079990891,1.739468422198172,1.735003154717056,1.7304354896559104,1.725767607661595,1.7210022507308054,1.7161427974906616,1.7111933514455586,1.7061588454384804,1.701045166729223,1.6958593086682754,1.6906095573432225,1.6853057251082078,1.6799594484479456,1.6745845764258434,1.6691976905927675,1.6638188225239219,1.658472481186351,1.6531891913557288,1.6480079297168615,1.6429802689881114,1.6381781310189467,1.6337103315980386,1.6297651713183825,1.6267466813874876,1.6255102423716181
