∑T[mm],ΔT[mm],∑Pr[mm/ΔT],ΔPr[mm/ΔT],Hpond[mm],Recharge[mm/ΔT],∑WaterBalance_η[mm]
0.0,0.0,0.0,0.0,0.0,0.0,0.0
3600.0,3600.0,0.8316,0.8316,0.0,0.8316,0.0
7200.0,3600.0,1.6632,0.8316,0.0,0.8316,0.0
10800.0,3600.0,2.4948,0.8316000000000001,0.0,0.8316000000000001,0.0
14400.0,3600.0,3.3263999999999996,0.8315999999999995,0.0,0.8315999999999995,0.0
18000.0,3600.0,4.1579999999999995,0.8315999999999999,0.0,0.8315999999999999,0.0
21600.0,3600.0,4.989599999999999,0.8315999999999999,0.0,0.8315999999999999,0.0
25200.0,3600.0,5.821200000000004,0.8316000000000043,0.0,0.8316000000000043,0.0
28800.0,3600.0,6.652799999999999,0.8315999999999955,0.0,0.8315999999999955,0.0
32400.0,3600.0,7.484399999999999,0.8315999999999999,0.0,0.8315999999999999,0.0
36000.0,3600.0,8.316000000000008,0.8316000000000088,0.0,0.8316000000000088,0.0
39600.0,3600.0,9.147599999999999,0.831599999999991,0.0,0.831599999999991,0.0
43200.0,3600.0,9.979199999999999,0.8315999999999999,0.0,0.8315999999999999,0.0
46800.0,3600.0,10.810799999999999,0.8315999999999999,0.0,0.8315999999999999,0.0
50400.0,3600.0,11.642399999999999,0.8315999999999999,0.0,0.8315999999999999,0.0
54000.0,3600.0,12.473999999999998,0.8315999999999999,0.0,0.8315999999999999,0.0
57600.0,3600.0,13.305599999999998,0.8315999999999999,0.0,0.8315999999999999,0.0
61200.0,3600.0,14.137199999999998,0.8315999999999999,0.0,0.8315999999999999,0.0
64800.0,3600.0,14.96880000000003,0.8316000000000319,0.0,0.8316000000000319,0.0
68400.0,3600.0,15.800399999999998,0.8315999999999679,0.0,0.8315999999999679,0.0
72000.0,3600.0,16.632000000000033,0.8316000000000354,0.0,0.8316000000000354,0.0
75600.0,3600.0,17.463600000000035,0.8316000000000017,0.0,0.8316000000000017,0.0
79200.0,3600.0,18.295200000000037,0.8316000000000017,0.0,0.8316000000000017,0.0
82800.0,3600.0,19.126799999999974,0.8315999999999377,0.0,0.8315999999999377,0.0
86400.0,3600.0,19.958399999999976,0.8316000000000017,0.0,0.8316000000000017,0.0
90000.0,3600.0,20.789999999999978,0.8316000000000017,0.0,0.8316000000000017,0.0
93600.0,3600.0,21.621600000000043,0.8316000000000656,0.0,0.8316000000000656,0.0
97200.0,3600.0,22.453199999999917,0.8315999999998738,0.0,0.8315999999998738,0.0
100800.0,3600.0,23.284800000000047,0.8316000000001296,0.0,0.8316000000001296,0.0
104400.0,3600.0,24.11640000000005,0.8316000000000017,0.0,0.8316000000000017,0.0
108000.0,3600.0,24.947999999999922,0.8315999999998738,0.0,0.8315999999998738,0.0
111600.0,3600.0,25.779600000000052,0.8316000000001296,0.0,0.8316000000001296,0.0
115200.0,3600.0,26.611200000000053,0.8316000000000017,0.0,0.8316000000000017,0.0
118800.0,3600.0,27.442799999999927,0.8315999999998738,0.0,0.8315999999998738,0.0
122400.0,3600.0,28.274400000000057,0.8316000000001296,0.0,0.8316000000001296,0.0
126000.0,3600.0,29.10600000000006,0.8316000000000017,0.0,0.8316000000000017,0.0
129600.0,3600.0,29.93760000000006,0.8316000000000017,0.0,0.8316000000000017,0.0
133200.0,3600.0,30.769199999999934,0.8315999999998738,0.0,0.8315999999998738,0.0
136800.0,3600.0,31.600800000000064,0.8316000000001296,0.0,0.8316000000001296,0.0
140400.0,3600.0,32.43239999999993,0.8315999999998667,0.0,0.8315999999998667,0.0
144000.0,3600.0,33.26400000000007,0.8316000000001367,0.0,0.8316000000001367,0.0
147600.0,3600.0,34.09560000000007,0.8316000000000017,0.0,0.8316000000000017,0.0
151200.0,3600.0,34.92720000000007,0.8316000000000017,0.0,0.8316000000000017,0.0
154800.0,3600.0,35.75880000000007,0.8316000000000017,0.0,0.8316000000000017,0.0
158400.0,3600.0,36.59040000000007,0.8316000000000017,0.0,0.8316000000000017,0.0
162000.0,3600.0,37.422000000000075,0.8316000000000017,0.0,0.8316000000000017,0.0
165600.0,3600.0,38.25360000000008,0.8316000000000017,0.0,0.8316000000000017,0.0
169200.0,3600.0,39.08519999999982,0.8315999999997459,0.0,0.8315999999997459,0.0
172800.0,3600.0,39.916799999999824,0.8316000000000017,0.0,0.8316000000000017,0.0
176400.0,3600.0,40.74840000000008,0.8316000000002575,0.0,0.8316000000002575,0.0
180000.0,3600.0,41.580000000000084,0.8316000000000017,0.0,0.8316000000000017,0.0
183600.0,3600.0,42.41159999999983,0.8315999999997459,0.0,0.8315999999997459,0.0
187200.0,3600.0,43.24319999999983,0.8316000000000017,0.0,0.8316000000000017,0.0
190800.0,3600.0,44.07480000000009,0.8316000000002575,0.0,0.8316000000002575,0.0
194400.0,3600.0,44.90640000000009,0.8316000000000017,0.0,0.8316000000000017,0.0
198000.0,3600.0,45.73800000000009,0.8316000000000017,0.0,0.8316000000000017,0.0
201600.0,3600.0,46.569600000000094,0.8316000000000017,0.0,0.8316000000000017,0.0
205200.0,3600.0,47.40119999999958,0.831599999999483,0.0,0.831599999999483,0.0
208800.0,3600.0,48.2328000000001,0.8316000000005204,0.0,0.8316000000005204,0.0
212400.0,3600.0,49.0644000000001,0.8316000000000017,0.0,0.8316000000000017,0.0
216000.0,3600.0,49.8960000000001,0.8316000000000017,0.0,0.8316000000000017,0.0
219600.0,3600.0,50.7276000000001,0.8316000000000017,0.0,0.8316000000000017,0.0
223200.0,3600.0,51.559200000000104,0.8316000000000017,0.0,0.8316000000000017,0.0
226800.0,3600.0,52.390800000000105,0.8316000000000017,0.0,0.8316000000000017,0.0
230400.0,3600.0,53.22239999999959,0.831599999999483,0.0,0.831599999999483,0.0
234000.0,3600.0,54.05400000000011,0.8316000000005204,0.0,0.8316000000005204,0.0
237600.0,3600.0,54.88560000000011,0.8316000000000017,0.0,0.8316000000000017,0.0
241200.0,3600.0,55.71720000000011,0.8316000000000017,0.0,0.8316000000000017,0.0
244800.0,3600.0,56.548800000000114,0.8316000000000017,0.0,0.8316000000000017,0.0
248400.0,3600.0,57.3803999999996,0.831599999999483,0.0,0.831599999999483,0.0
252000.0,3600.0,58.21200000000012,0.8316000000005204,0.0,0.8316000000005204,0.0
255600.0,3600.0,59.04360000000012,0.8316000000000017,0.0,0.8316000000000017,0.0
259200.0,3600.0,59.87520000000012,0.8316000000000017,0.0,0.8316000000000017,0.0
262800.0,3600.0,60.70680000000012,0.8316000000000017,0.0,0.8316000000000017,0.0
266400.0,3600.0,61.538400000000124,0.8316000000000017,0.0,0.8316000000000017,0.0
270000.0,3600.0,62.370000000000125,0.8316000000000017,0.0,0.8316000000000017,0.0
273600.0,3600.0,63.20160000000013,0.8316000000000017,0.0,0.8316000000000017,0.0
277200.0,3600.0,64.03320000000014,0.8316000000000088,0.0,0.8316000000000088,0.0
280800.0,3600.0,64.86479999999958,0.8315999999994403,0.0,0.8315999999994403,0.0
284400.0,3600.0,65.69639999999957,0.8315999999999946,0.0,0.8315999999999946,0.0
288000.0,3600.0,66.5280000000006,0.831600000001032,0.0,0.831600000001032,0.0
291600.0,3600.0,67.3596000000006,0.8315999999999946,0.0,0.8315999999999946,0.0
295200.0,3600.0,68.19119999999955,0.8315999999989572,0.0,0.8315999999989572,0.0
298800.0,3600.0,69.02280000000059,0.831600000001032,0.0,0.831600000001032,0.0
302400.0,3600.0,69.85439999999954,0.8315999999989572,0.0,0.8315999999989572,0.0
306000.0,3600.0,70.68600000000058,0.831600000001032,0.0,0.831600000001032,0.0
309600.0,3600.0,71.51760000000057,0.8315999999999946,0.0,0.8315999999999946,0.0
313200.0,3600.0,72.34920000000056,0.8315999999999946,0.0,0.8315999999999946,0.0
316800.0,3600.0,73.18080000000056,0.8315999999999946,0.0,0.8315999999999946,0.0
320400.0,3600.0,74.01240000000055,0.8315999999999946,0.0,0.8315999999999946,0.0
324000.0,3600.0,74.84399999999951,0.8315999999989572,0.0,0.8315999999989572,0.0
327600.0,3600.0,75.6755999999995,0.8315999999999946,0.0,0.8315999999999946,0.0
331200.0,3600.0,76.50720000000054,0.831600000001032,0.0,0.831600000001032,0.0
334800.0,3600.0,77.3387999999995,0.8315999999989572,0.0,0.8315999999989572,0.0
338400.0,3600.0,78.17039999999949,0.8315999999999946,0.0,0.8315999999999946,0.0
342000.0,3600.0,79.00200000000052,0.831600000001032,0.0,0.831600000001032,0.0
345600.0,3600.0,79.83360000000052,0.8315999999999946,0.0,0.8315999999999946,-0.0019286991538623906
349200.0,3600.0,80.66520000000051,0.8315999999999946,0.0,0.8315999999999946,-0.0019287349482771292
352800.0,3600.0,81.4968000000005,0.8315999999999946,0.0,0.8315999999999946,-0.0019287690890218334
356400.0,3600.0,82.32839999999946,0.8315999999989572,0.0,0.8315999999989572,-0.001928801598888696
360000.0,3600.0,83.15999999999946,0.8315999999999946,0.0,0.8315999999999946,-0.001928832501547089
363600.0,3600.0,83.99160000000049,0.831600000001032,0.0,0.831600000001032,-0.0019288618215363568
367200.0,3600.0,84.82319999999945,0.8315999999989572,0.0,0.8315999999989572,-0.0019288895842255601
370800.0,3600.0,85.65479999999944,0.8315999999999946,0.0,0.8315999999999946,-0.0019289158157988475
374400.0,3600.0,86.48640000000047,0.831600000001032,0.0,0.831600000001032,-0.0019289405432104507
378000.0,3600.0,87.31800000000047,0.8315999999999946,0.0,0.8315999999999946,-0.0019289637941512078
381600.0,3600.0,88.14960000000046,0.8315999999999946,0.0,0.8315999999999946,-0.0019289855970041827
385200.0,3600.0,88.98119999999942,0.8315999999989572,0.0,0.8315999999989572,-0.0019290059808080079
388800.0,3600.0,89.81279999999941,0.8315999999999946,0.0,0.8315999999999946,-0.0019290249752065575
392400.0,3600.0,90.64439999999941,0.8315999999999946,0.0,0.8315999999999946,-0.0019290426104101553
396000.0,3600.0,91.4759999999994,0.8315999999999946,0.0,0.8315999999999946,-0.0019290589171419847
399600.0,3600.0,92.3075999999994,0.8315999999999946,0.0,0.8315999999999946,-0.0019290739265937788
403200.0,3600.0,93.13919999999939,0.8315999999999946,0.0,0.8315999999999946,-0.0019290876703760874
406800.0,3600.0,93.97079999999939,0.8315999999999946,0.0,0.8315999999999946,-0.0019291001804762886
410400.0,3600.0,94.80239999999938,0.8315999999999946,0.0,0.8315999999999946,-0.0019291114891985723
414000.0,3600.0,95.63399999999938,0.8315999999999946,0.0,0.8315999999999946,-0.0019291216291315203
417600.0,3600.0,96.46559999999937,0.8315999999999946,0.0,0.8315999999999946,-0.001929130633090613
421200.0,3600.0,97.29719999999936,0.8315999999999946,0.0,0.8315999999999946,-0.0019291385340768914
424800.0,3600.0,98.12880000000143,0.8316000000020694,0.0,0.8316000000020694,-0.0019291453652322758
428400.0,3600.0,98.96039999999935,0.8315999999979198,0.0,0.8315999999979198,-0.001929151159798238
432000.0,3600.0,99.79200000000142,0.8316000000020694,0.0,0.8316000000020694,-0.0019291559510694492
435600.0,3600.0,100.62359999999934,0.8315999999979198,0.0,0.8315999999979198,-0.0019291597723581245
439200.0,3600.0,101.45519999999934,0.8315999999999946,0.0,0.8315999999999946,-0.001929162656952986
442800.0,3600.0,102.2868000000014,0.8316000000020694,0.0,0.8316000000020694,-0.0019291646380848282
446400.0,3600.0,103.11839999999933,0.8315999999979198,0.0,0.8315999999979198,-0.0019291657488861207
450000.0,3600.0,103.94999999999932,0.8315999999999946,0.0,0.8315999999999946,-0.0019291660223634457
453600.0,3600.0,104.78159999999932,0.8315999999999946,0.0,0.8315999999999946,-0.001929165491364568
457200.0,3600.0,105.61319999999931,0.8315999999999946,0.0,0.8315999999999946,-0.0019291641885446822
460800.0,3600.0,106.44480000000138,0.8316000000020694,0.0,0.8316000000020694,-0.0019291621463424062
464400.0,3600.0,107.2763999999993,0.8315999999979198,0.0,0.8315999999979198,-0.0019291593969522592
468000.0,3600.0,108.10800000000137,0.8316000000020694,0.0,0.8316000000020694,-0.0019291559723007275
471600.0,3600.0,108.93959999999929,0.8315999999979198,0.0,0.8315999999979198,-0.0019291519040222106
475200.0,3600.0,109.77119999999928,0.8315999999999946,0.0,0.8315999999999946,-0.0019291472234394948
478800.0,3600.0,110.60279999999928,0.8315999999999946,0.0,0.8315999999999946,-0.0019291419615415422
482400.0,3600.0,111.43439999999927,0.8315999999999946,0.0,0.8315999999999946,-0.001929136148970644
486000.0,3600.0,112.26599999999927,0.8315999999999946,0.0,0.8315999999999946,-0.0019291298160009768
489600.0,3600.0,113.09759999999926,0.8315999999999946,0.0,0.8315999999999946,-0.0019291229925264568
493200.0,3600.0,113.92919999999926,0.8315999999999946,0.0,0.8315999999999946,-0.0019291157080493773
496800.0,3600.0,114.76079999999925,0.8315999999999946,0.0,0.8315999999999946,-0.0019291079916625956
500400.0,3600.0,115.59239999999924,0.8315999999999946,0.0,0.8315999999999946,-0.0019290998720459152
504000.0,3600.0,116.42399999999924,0.8315999999999946,0.0,0.8315999999999946,-0.0019290913774550529
507600.0,3600.0,117.25559999999923,0.8315999999999946,0.0,0.8315999999999946,-0.001929082535712682
511200.0,3600.0,118.0872000000013,0.8316000000020694,0.0,0.8316000000020694,-0.0019290733741995653
514800.0,3600.0,118.9188000000013,0.8315999999999946,0.0,0.8315999999999946,-0.0019290639198563332
518400.0,3600.0,119.75039999999922,0.8315999999979198,0.0,0.8315999999979198,-0.0019290541991764628
522000.0,3600.0,120.58199999999921,0.8315999999999946,0.0,0.8315999999999946,-0.0019290442381978783
525600.0,3600.0,121.4135999999992,0.8315999999999946,0.0,0.8315999999999946,-0.0019290340625122326
529200.0,3600.0,122.2451999999992,0.8315999999999946,0.0,0.8315999999999946,-0.0019290236972522446
532800.0,3600.0,123.0767999999992,0.8315999999999946,0.0,0.8315999999999946,-0.0019290131671030864
536400.0,3600.0,123.90839999999919,0.8315999999999946,0.0,0.8315999999999946,-0.001929002496296598
540000.0,3600.0,124.73999999999918,0.8315999999999946,0.0,0.8315999999999946,-0.001928991708617081
543600.0,3600.0,125.57159999999918,0.8315999999999946,0.0,0.8315999999999946,-0.0019289808274050003
547200.0,3600.0,126.40319999999917,0.8315999999999946,0.0,0.8315999999999946,-0.00192896987555965
550800.0,3600.0,127.23479999999917,0.8315999999999946,0.0,0.8315999999999946,-0.0019289588755480966
554400.0,3600.0,128.06639999999916,0.8315999999999946,0.0,0.8315999999999946,-0.0019289478494088508
558000.0,3600.0,128.89800000000136,0.8316000000021972,0.0,0.8316000000021972,-0.0019289368187591607
561600.0,3600.0,129.72959999999722,0.8315999999958592,0.0,0.8315999999958592,-0.0019289258048082684
565200.0,3600.0,130.56119999999723,0.8316000000000088,0.0,0.8316000000000088,-0.0019289148283612393
568800.0,3600.0,131.39279999999724,0.8316000000000088,0.0,0.8316000000000088,-0.0019289039098329735
572400.0,3600.0,132.2244000000014,0.8316000000041583,0.0,0.8316000000041583,-0.0019288930692599657
576000.0,3600.0,133.0560000000014,0.8316000000000088,0.0,0.8316000000000088,-0.0019288823263113875
579600.0,3600.0,133.8876000000014,0.8316000000000088,0.0,0.8316000000000088,-0.0019288717003043123
583200.0,3600.0,134.71919999999727,0.8315999999958592,0.0,0.8315999999958592,-0.0019288612102174535
586800.0,3600.0,135.55080000000143,0.8316000000041583,0.0,0.8316000000041583,-0.0019288508747083554
590400.0,3600.0,136.38240000000144,0.8316000000000088,0.0,0.8316000000000088,-0.001928840712130776
594000.0,3600.0,137.21400000000145,0.8316000000000088,0.0,0.8316000000000088,-0.0019288307405486143
597600.0,3600.0,138.0455999999973,0.8315999999958592,0.0,0.8315999999958592,-0.0019288209777634105
601200.0,3600.0,138.87719999999732,0.8316000000000088,0.0,0.8316000000000088,-0.0019288114413290947
604800.0,3600.0,139.70879999999732,0.8316000000000088,0.0,0.8316000000000088,-0.0019288021485742563
608400.0,3600.0,140.54040000000148,0.8316000000041583,0.0,0.8316000000041583,-0.00192879311663066
612000.0,3600.0,141.37199999999734,0.8315999999958592,0.0,0.8315999999958592,-0.00192878436245274
615600.0,3600.0,142.20359999999735,0.8316000000000088,0.0,0.8316000000000088,-0.0019287759028479335
619200.0,3600.0,143.03519999999736,0.8316000000000088,0.0,0.8316000000000088,-0.001928767754502312
622800.0,3600.0,143.86680000000152,0.8316000000041583,0.0,0.8316000000041583,-0.0019287599340144185
626400.0,3600.0,144.69840000000153,0.8316000000000088,0.0,0.8316000000000088,-0.0019287524579212642
630000.0,3600.0,145.53000000000154,0.8316000000000088,0.0,0.8316000000000088,-0.0019287453427372665
633600.0,3600.0,146.36160000000154,0.8316000000000088,0.0,0.8316000000000088,-0.0019287386049885915
637200.0,3600.0,147.19320000000155,0.8316000000000088,0.0,0.8316000000000088,-0.0019287322612468521
640800.0,3600.0,148.02480000000156,0.8316000000000088,0.0,0.8316000000000088,-0.0019287263281769736
644400.0,3600.0,148.85640000000157,0.8316000000000088,0.0,0.8316000000000088,-0.0019287208225718575
648000.0,3600.0,149.68799999999743,0.8315999999958592,0.0,0.8315999999958592,-0.0019287157614009034
651600.0,3600.0,150.5196000000016,0.8316000000041583,0.0,0.8316000000041583,-0.0019287111618589423
655200.0,3600.0,151.3512000000016,0.8316000000000088,0.0,0.8316000000000088,-0.0019287070414115573
658800.0,3600.0,152.18279999999746,0.8315999999958592,0.0,0.8315999999958592,-0.0019287034178529304
662400.0,3600.0,153.01440000000161,0.8316000000041583,0.0,0.8316000000041583,-0.0019287003093553697
666000.0,3600.0,153.84600000000162,0.8316000000000088,0.0,0.8316000000000088,-0.0019286977345376306
669600.0,3600.0,154.67760000000163,0.8316000000000088,0.0,0.8316000000000088,-0.0019286957125145838
673200.0,3600.0,155.5091999999975,0.8315999999958592,0.0,0.8315999999958592,-0.0019286942629715164
676800.0,3600.0,156.3407999999975,0.8316000000000088,0.0,0.8316000000000088,-0.0019286934062265914
680400.0,3600.0,157.1723999999975,0.8316000000000088,0.0,0.8316000000000088,-0.0019286931632993963
684000.0,3600.0,158.00400000000167,0.8316000000041583,0.0,0.8316000000041583,-0.001928693555989297
687600.0,3600.0,158.83559999999753,0.8315999999958592,0.0,0.8315999999958592,-0.0019286946069413827
691200.0,3600.0,159.66720000000169,0.8316000000041583,0.0,0.8316000000041583,-0.0019286963397295697
694800.0,3600.0,160.49879999999754,0.8315999999958592,0.0,0.8315999999958592,-0.0019286987789253213
698400.0,3600.0,161.3304000000017,0.8316000000041583,0.0,0.8316000000041583,-0.0019287019501762147
702000.0,3600.0,162.16199999999756,0.8315999999958592,0.0,0.8315999999958592,-0.0019287058802768219
705600.0,3600.0,162.99359999999757,0.8316000000000088,0.0,0.8316000000000088,-0.0019287105972325158
709200.0,3600.0,163.82520000000173,0.8316000000041583,0.0,0.8316000000041583,-0.0019287161303174303
712800.0,3600.0,164.6567999999976,0.8315999999958592,0.0,0.8315999999958592,-0.0019287225101196472
716400.0,3600.0,165.4883999999976,0.8316000000000088,0.0,0.8316000000000088,-0.0019287297685676912
720000.0,3600.0,166.3199999999976,0.8316000000000088,0.0,0.8316000000000088,-0.0019287379389268198
723600.0,3600.0,167.15160000000176,0.8316000000041583,0.0,0.8316000000041583,-0.0019287470557637955
727200.0,3600.0,167.98320000000177,0.8316000000000088,0.0,0.8316000000000088,-0.0019287571548623475
730800.0,3600.0,168.81480000000178,0.8316000000000088,0.0,0.8316000000000088,-0.0019287682730700828
734400.0,3600.0,169.6464000000018,0.8316000000000088,0.0,0.8316000000000088,-0.001928780448058795
738000.0,3600.0,170.47799999999765,0.8315999999958592,0.0,0.8315999999958592,-0.0019287937179709104
741600.0,3600.0,171.30959999999766,0.8316000000000088,0.0,0.8316000000000088,-0.0019288081209065764
745200.0,3600.0,172.14119999999767,0.8316000000000088,0.0,0.8316000000000088,-0.001928823694213206
748800.0,3600.0,172.97280000000183,0.8316000000041583,0.0,0.8316000000041583,-0.0019288404735058262
752400.0,3600.0,173.80440000000183,0.8316000000000088,0.0,0.8316000000000088,-0.0019288584913393894
756000.0,3600.0,174.63600000000184,0.8316000000000088,0.0,0.8316000000000088,-0.0019288777754352612
759599.9670120096,3599.967012009597,175.46759237977608,0.8315923797742357,0.0,0.8315923797742357,-0.001928898349700666
763198.6898785911,3598.7228665815414,176.29889736195227,0.8313049821761922,0.0,0.8313049821761922,-0.0019289203469951307
766796.2437693761,3597.5538907849273,177.12993231072775,0.831034948775482,0.0,0.831034948775482,-0.0019289437505931345
770391.7959622751,3595.5521928990897,177.96050486728743,0.8305725565596731,0.0,0.8305725565596731,-0.0019289686139770956
773985.1265064845,3593.330544209354,178.79056422299152,0.8300593557040941,0.0,0.8300593557040941,-0.0019289949006132373
777575.7563401811,3590.6298336965892,179.61999971458374,0.8294354915922213,0.0,0.8294354915922213,-0.001929022563326484
781163.2204125344,3587.4640723533157,180.44870391529736,0.8287042007136165,0.0,0.8287042007136165,-0.0019290515070723199
784747.4593451428,3584.2389326083394,181.2766631087299,0.8279591934325481,0.0,0.8279591934325481,-0.0019290815413204618
788327.7406080468,3580.281262903916,182.10370808046073,0.8270449717308281,0.0,0.8270449717308281,-0.0019291124695160115
791904.3270264388,3576.586418391998,182.9298995431093,0.826191462648552,0.0,0.826191462648552,-0.0019291439238188562
795476.3160606747,3571.989034235932,183.7550290100178,0.8251294669085212,0.0,0.8251294669085212,-0.001929175562143977
799044.1346764374,3567.8186157626033,184.57919511025898,0.8241661002411718,0.0,0.8241661002411718,-0.0019292068588673233
802606.9945938502,3562.8599174128303,185.40221575118136,0.8230206409223797,0.0,0.8230206409223797,-0.0019292374034424627
806165.058877316,3558.064283465717,186.22412860066194,0.821912849480583,0.0,0.821912849480583,-0.001929266864306548
809717.9760127886,3552.9171354726386,187.04485245895614,0.8207238582942011,0.0,0.8207238582942011,-0.0019292953156239024
813266.1000115075,3548.123998718967,187.86446910266022,0.8196166437040802,0.0,0.8196166437040802,-0.00192932277016068
816809.0375613287,3542.93754982119,188.68288767666894,0.8184185740087173,0.0,0.8184185740087173,-0.0019293492326508202
820347.0731924719,3538.035631143157,189.500173907463,0.8172862307940534,0.0,0.8172862307940534,-0.001929374790451712
823879.8885188294,3532.8153263574804,190.3162542478516,0.816080340388595,0.0,0.816080340388595,-0.0019293993938512138
827407.7038561231,3527.815337293831,191.13117959076646,0.8149253429148757,0.0,0.8149253429148757,-0.001929423151585118
830929.7839477172,3522.0800915939926,191.94478009192468,0.8136005011582199,0.0,0.8136005011582199,-0.0019294460603470605
834446.7479425832,3516.9639948660083,192.75719877473875,0.8124186828140694,0.0,0.8124186828140694,-0.0019294681572320379
837958.3312980167,3511.58335543352,193.5683745298439,0.8111757551051539,0.0,0.8111757551051539,-0.0019294894449172417
841464.7237659765,3506.39246795975,194.37835118993436,0.8099766600904559,0.0,0.8099766600904559,-0.0019295099386786349
844965.6395851901,3500.915819213594,195.18706274417272,0.8087115542383572,0.0,0.8087115542383572,-0.0019295297026533436
848461.3048552115,3495.665270021376,195.99456142155594,0.8074986773832222,0.0,0.8074986773832222,-0.0019295486891887236
851951.3752637779,3490.0704085664393,196.80076768593477,0.8062062643788295,0.0,0.8062062643788295,-0.0019295670168852257
855435.4585510956,3484.0832873176737,197.60559092530517,0.8048232393703927,0.0,0.8048232393703927,-0.0019295846515704662
858913.7727090922,3478.3141579966864,198.4090814958024,0.8034905704972459,0.0,0.8034905704972459,-0.0019296016889060806
862386.7346746724,3472.9619655800852,199.21133570984315,0.8022542140407438,0.0,0.8022542140407438,-0.0019296180018582832
865853.7632474682,3467.028572795773,200.012219310159,0.8008836003158422,0.0,0.8008836003158422,-0.0019296337648549505
869315.3800108576,3461.616763389442,200.81185278251021,0.7996334723512177,0.0,0.7996334723512177,-0.0019296488411948301
872770.9282578415,3455.5482469839603,201.61008442756352,0.7982316450533062,0.0,0.7982316450533062,-0.00192966340332118
876219.9309846299,3449.0027267883693,202.40680405745164,0.7967196298881163,0.0,0.7967196298881163,-0.0019296774157202723
879662.8534723332,3442.9224877032175,203.20211915210285,0.7953150946512153,0.0,0.7953150946512153,-0.001929690933642168
883099.8661890071,3437.012716673932,203.99606908965453,0.7939499375516732,0.0,0.7939499375516732,-0.0019297038762764603
886530.8418260237,3430.9756370165283,204.78862446181364,0.7925553721591143,0.0,0.7925553721591143,-0.001929716337923535
889955.6428105399,3424.800984516232,205.5797534892369,0.791129027423267,0.0,0.791129027423267,-0.0019297282765045405
893373.358175424,3417.715364884069,206.36924573852514,0.7894922492882301,0.0,0.7894922492882301,-0.0019297398475590275
896784.5759986979,3411.217823273901,207.15723705569314,0.7879913171680073,0.0,0.7879913171680073,-0.0019297509477001894
900189.6778499328,3405.1018512349183,207.9438155833367,0.7865785276435417,0.0,0.7865785276435417,-0.0019297616116000893
903588.1722164997,3398.4943665668306,208.72886778201362,0.7850521986769365,0.0,0.7850521986769365,-0.001929771831884931
906980.2046944677,3392.032477968049,209.51242728442426,0.7835595024106397,0.0,0.7835595024106397,-0.0019297816693943947
910365.76379399,3385.559099522287,210.29449143641392,0.7820641519896583,0.0,0.7820641519896583,-0.0019297910630955055
913743.1205109166,3377.3567169265225,211.07466083802396,0.7801694016100384,0.0,0.7801694016100384,-0.001929800257186629
917113.88866821,3370.768157293494,211.8533082823505,0.7786474443265377,0.0,0.7786474443265377,-0.0019298090264467853
920477.6467024118,3363.7580342017623,212.63033638825937,0.7770281059088688,0.0,0.7770281059088688,-0.0019298175103385096
923834.39194793,3356.745245518185,213.40574453997408,0.7754081517147142,0.0,0.7754081517147142,-0.0019298256169193102
927182.7700954122,3348.378147482124,214.17921989204248,0.7734753520684023,0.0,0.7734753520684023,-0.0019298335821620002
930523.6553792942,3340.885283882066,214.95096439261096,0.7717445005684738,0.0,0.7717445005684738,-0.0019298412299697716
933857.2230668191,3333.567687524981,215.7210185284375,0.7700541358265411,0.0,0.7700541358265411,-0.001929848645755107
937183.5768550251,3326.3537882059863,216.4894062535131,0.7683877250755984,0.0,0.7683877250755984,-0.0019298557488255342
940500.3314618737,3316.7546068485726,217.25557656769513,0.766170314182034,0.0,0.766170314182034,-0.0019298628199794956
943809.3344589737,3309.002997100052,218.01995626002522,0.7643796923300954,0.0,0.7643796923300954,-0.0019298696774984914
947110.6533777985,3301.318918824788,218.7825609302655,0.7626046702402789,0.0,0.7626046702402789,-0.001929876301220539
950401.8456101518,3291.1922323532817,219.54282633594738,0.7602654056818778,0.0,0.7602654056818778,-0.0019298829888419644
953684.721585793,3282.8759756411864,220.3011706863205,0.7583443503731075,0.0,0.7583443503731075,-0.0019247073069680728
956959.2737581244,3274.552172331501,221.05759223812908,0.756421551808586,0.0,0.756421551808586,-0.0019195998917938644
960225.4504091633,3266.176651038865,221.81207904451907,0.7544868063899912,0.0,0.7544868063899912,-0.0019145594095783362
963480.4641714351,3255.013762271897,222.5639872235956,0.751908179076537,0.0,0.751908179076537,-0.0019095889892962199
966726.3873645357,3245.923193100634,223.31379548120185,0.7498082576062473,0.0,0.7498082576062473,-0.0019046840768082109
969960.7089619763,3234.3215974406135,224.0609237702189,0.7471282890170414,0.0,0.7471282890170414,-0.0018998472732675126
973185.59398924,3224.8850272637087,224.80587221151683,0.7449484412979359,0.0,0.7449484412979359,-0.001895074020471137
976400.8336321219,3215.239642881856,225.54859256902256,0.742720357505732,0.0,0.742720357505732,-0.001890363440236817
979603.4330619188,3202.599429796937,226.28839303729737,0.739800468274808,0.0,0.739800468274808,-0.0018857188414665546
982795.5754302889,3192.142368370105,227.02577792439087,0.7373848870934978,0.0,0.7373848870934978,-0.0018811357845049865
985974.1735214709,3178.5980911819274,227.76003408345392,0.734256159063051,0.0,0.734256159063051,-0.001876617643199115
989141.6460553276,3167.4725338567887,228.4917202387831,0.7316861553291858,0.0,0.7316861553291858,-0.001872159684440385
992294.6220742796,3152.976018951975,229.220057699161,0.7283374603779009,0.0,0.7283374603779009,-0.0018677657024754836
995432.4983483108,3137.876274031255,229.94490711846223,0.724849419301222,0.0,0.724849419301222,-0.001863435355263673
998557.8923610065,3125.394012695606,230.66687313539492,0.7219660169326971,0.0,0.7219660169326971,-0.0018591637597732528
1.0016669519694191e6,3109.059608412651,231.38506590493827,0.7181927695433501,0.0,0.7181927695433501,-0.0018549552893874078
1.0047588361609398e6,3091.884191520586,232.09929115317954,0.714225248241263,0.0,0.714225248241263,-0.0018508099792728643
1.0078324713721037e6,3073.6352111638967,232.8093008869584,0.7100097337788611,0.0,0.7100097337788611,-0.001846728155951279
1.0108869316418858e6,3054.460269782062,233.5148812092781,0.7055803223196904,0.0,0.7055803223196904,-0.0018427099521816297
1.0139212496819778e6,3034.3180400920482,234.21580867653108,0.7009274672529955,0.0,0.7009274672529955,-0.0018387555682030556
1.0169296357106293e6,3008.386028651494,234.91074584915785,0.6949371726267657,0.0,0.6949371726267657,-0.00183487168452845
1.0199102563390008e6,2980.6206283714687,235.59926921431168,0.6885233651538272,0.0,0.6885233651538272,-0.0018310595099773118
1.0228607507211181e6,2950.4943821172983,236.28083341658078,0.6815642022691009,0.0,0.6815642022691009,-0.0018273209352833817
1.0257334977409892e6,2872.747019871184,236.944437978171,0.6636045615902333,0.0,0.6636045615902333,-0.0018237170404760905
1.0284641947105926e6,2730.6969696034334,237.5752289781494,0.6307909999783874,0.0,0.6307909999783874,-0.0018203280789478554
1.0311623879634695e6,2698.193252876865,238.19851161956396,0.623282641414562,0.0,0.623282641414562,-0.0018170091749755582
1.0338487434711644e6,2686.3555076948633,238.8190597418415,0.6205481222775404,0.0,0.6205481222775404,-0.0018137332131500834
1.036527970506105e6,2679.22703494059,239.4379611869128,0.6189014450712875,0.0,0.6189014450712875,-0.0018104940455717423
1.0392128243805689e6,2684.853874463971,240.05816243191396,0.6202012450011694,0.0,0.6202012450011694,-0.0018072755735704144
1.0419066444901915e6,2693.820109622517,240.68043487722852,0.6222724453145645,0.0,0.6222724453145645,-0.0018040736631513912
1.0446123121389578e6,2705.6676487662958,241.30544410409354,0.6250092268650178,0.0,0.6250092268650178,-0.0018008837842857243
1.0473326605976265e6,2720.3484586686764,241.933844598046,0.628400493952455,0.0,0.628400493952455,-0.0017976982132799323
1.050045842539612e6,2713.181941985525,242.56058962665293,0.6267450286069334,0.0,0.6267450286069334,-0.0017945273191141255
1.0527381746955058e6,2692.332155893813,243.1825183546644,0.6219287280114827,0.0,0.6219287280114827,-0.0017913109231484556
1.055395759694022e6,2657.5849985161235,243.79642048932163,0.6139021346572235,0.0,0.6139021346572235,-0.0017877561980530724
1.0580167325885193e6,2620.972894497411,244.40186522795057,0.6054447386289326,0.0,0.6054447386289326,-0.0017861013333067609
1.0606035806947893e6,2586.848106269929,244.9994271404989,0.5975619125483433,0.0,0.5975619125483433,-0.0017844577679533723
1.063172296554931e6,2568.7158601416263,245.59280050419164,0.5933733636927343,0.0,0.5933733636927343,-0.0017826599884640327
1.0657123680821043e6,2540.0715271733193,246.1795570269687,0.5867565227770513,0.0,0.5867565227770513,-0.001781072853689755
1.0682319167768413e6,2519.548694737121,246.76157277545295,0.5820157484842525,0.0,0.5820157484842525,-0.001779538761192972
1.0707241809495233e6,2492.2641726819634,247.33728579933424,0.575713023881292,0.0,0.575713023881292,-0.0017779505902711084
1.0731990054143968e6,2474.8244648733635,247.90897025072826,0.5716844513940202,0.0,0.5716844513940202,-0.0017766153130378602
1.0756582418245287e6,2459.236410131808,248.47705386146876,0.5680836107405014,0.0,0.5680836107405014,-0.0017754656588670457
1.078104062388397e6,2445.8205638683626,249.04203841172236,0.5649845502535982,0.0,0.5649845502535982,-0.0017744285226914114
1.0805069165164512e6,2402.854128054121,249.59709771530285,0.5550593035804923,0.0,0.5550593035804923,-0.0017736671013991955
1.0828707163884505e6,2363.7998719992856,250.14313548573472,0.546037770431866,0.0,0.546037770431866,-0.001773144533697435
1.0852000426904515e6,2329.3263020010413,250.68120986149694,0.5380743757622213,0.0,0.5380743757622213,-0.001772967365084378
1.0875012683709525e6,2301.225680500914,251.2127929936927,0.5315831321957489,0.0,0.5315831321957489,-0.0017730409131895312
1.089782265888939e6,2280.9975179865028,251.73970342034755,0.5269104266548652,0.0,0.5269104266548652,-0.001773336656278154
1.0920504715367747e6,2268.2056478357204,252.2636589249976,0.523955504650047,0.0,0.523955504650047,-0.0017737402022748772
1.0943147503099293e6,2264.278773154622,252.78670732159634,0.5230483965987389,0.0,0.5230483965987389,-0.0017742190758613396
1.0965817318840008e6,2266.9815740715144,253.3103800651903,0.5236727435939486,0.0,0.5236727435939486,-0.0017747088772131782
1.0988568010116096e6,2275.0691276087496,253.8359210336845,0.5255409684942265,0.0,0.5255409684942265,-0.0017752083215780523
1.101141374361623e6,2284.573350013431,254.36365747753763,0.5277364438531151,0.0,0.5277364438531151,-0.0017757101385559658
1.1034333483665246e6,2291.9740049014176,254.8931034726533,0.5294459951156796,0.0,0.5294459951156796,-0.001776205626764677
1.1057299184603242e6,2296.570093799717,255.42361116434543,0.5305076916921223,0.0,0.5305076916921223,-0.0017767017148844725
1.1080280666245713e6,2298.148164247248,255.95448339028653,0.5308722259410956,0.0,0.5308722259410956,-0.0017771909202039624
1.1103257785639595e6,2297.711939388189,256.4852548482686,0.5307714579820697,0.0,0.5307714579820697,-0.0017776784475308546
1.1126212346299784e6,2295.456066018838,257.0155051995355,0.5302503512668864,0.0,0.5302503512668864,-0.00177816366589729
1.1149129724255877e6,2291.737795609332,257.5448966303212,0.5293914307857222,0.0,0.5293914307857222,-0.001778643061001316
1.117200995370519e6,2288.022944931497,258.07342993060035,0.5285333002791504,0.0,0.5285333002791504,-0.001779120149672503
1.1194852348063265e6,2284.239435807444,258.60108924027185,0.5276593096714919,0.0,0.5276593096714919,-0.0017795953044616483
1.1217651620622089e6,2279.9272558823177,259.12775243638066,0.5266631961088137,0.0,0.5266631961088137,-0.0017800645625102407
1.1240400998346764e6,2274.937772467496,259.6532630618041,0.5255106254234647,0.0,0.5255106254234647,-0.0017805312807991245
1.1263105839345665e6,2270.484099890186,260.17774488887875,0.5244818270746237,0.0,0.5244818270746237,-0.0017809960427418203
1.1285769720497308e6,2266.38811516426,260.7012805434817,0.5235356546029379,0.0,0.5235356546029379,-0.0017814564213945309
1.1308383724656315e6,2261.4004159005676,261.2236640395547,0.5223834960730187,0.0,0.5223834960730187,-0.0017819131403148906
1.133095009899531e6,2256.6374338996557,261.7449472867855,0.5212832472307696,0.0,0.5212832472307696,-0.0017823677263610613
1.1353472347364887e6,2252.224836957713,262.26521122413925,0.520263937353775,0.0,0.520263937353775,-0.0017828193012800956
1.1375952811198984e6,2248.046383409872,262.7845099387069,0.5192987145676398,0.0,0.5192987145676398,-0.001783266439443607
1.1398382134164781e6,2242.9322965796955,263.3026272992168,0.5181173605099048,0.0,0.5181173605099048,-0.0017837112852277421
1.142076456377993e6,2238.2429615148803,263.81966142332675,0.517034124109955,0.0,0.517034124109955,-0.001784154317481782
1.1443105569720997e6,2234.1005941065855,264.33573866056537,0.5160772372386191,0.0,0.5160772372386191,-0.0017845922321641432
1.1465399649088418e6,2229.407936742173,264.8507318939362,0.5149932333708307,0.0,0.5149932333708307,-0.0017850277727387569
1.1487644426643162e6,2224.4777554744555,265.3645862554673,0.5138543615311164,0.0,0.5138543615311164,-0.0017854613541789406
1.150984435235553e6,2219.9925712368413,265.877404539423,0.5128182839557098,0.0,0.5128182839557098,-0.0017858917540879576
1.1532005971498576e6,2216.1619143047023,266.3893379416108,0.5119334021877648,0.0,0.5119334021877648,-0.00178631842025333
1.1554115154220688e6,2210.9182722111705,266.9000600624916,0.5107221208808141,0.0,0.5107221208808141,-0.0017867429541240116
1.1576176145805565e6,2206.0991584877083,267.40966896810227,0.5096089056106621,0.0,0.5096089056106621,-0.0017871657782039991
1.1598194999730785e6,2201.8853925220706,267.9183044937748,0.5086355256725597,0.0,0.5086355256725597,-0.0017875838492061597
1.1620170245058723e6,2197.5245327936987,268.42593266085015,0.5076281670753247,0.0,0.5076281670753247,-0.0017879997808459061
1.1642094415268204e6,2192.417020948117,268.93238099268916,0.5064483318390103,0.0,0.5064483318390103,-0.0017884138528125857
1.1663972481537624e6,2187.8066269420283,269.4377643235128,0.5053833308236335,0.0,0.5053833308236335,-0.0017888252328511472
1.1685811327927464e6,2183.8846389840564,269.94224167511805,0.5044773516052601,0.0,0.5044773516052601,-0.0017892329077365467
1.1707600417520881e6,2178.9089593416747,270.445569644726,0.5033279696079376,0.0,0.5033279696079376,-0.0017896386309668286
1.172933963859372e6,2173.9221072838513,270.94774565150857,0.5021760067825767,0.0,0.5021760067825767,-0.0017900427459601198
1.1751035257650835e6,2169.5619057113518,271.4489144517279,0.5011688002193182,0.0,0.5011688002193182,-0.001790443087215345
1.1772681772769294e6,2164.6515118458233,271.9489489509643,0.5000344992363921,0.0,0.5000344992363921,-0.0017908407506661993
1.1794263603298157e6,2158.183052886205,272.447489236181,0.498540285216734,0.0,0.498540285216734,-0.0017912364334036607
1.181578631611785e6,2152.271281969256,272.9446639023159,0.4971746661348675,0.0,0.4971746661348675,-0.0017916300248515574
1.1837254636845675e6,2146.832072782657,273.44058211112866,0.4959182088127818,0.0,0.4959182088127818,-0.0017920194315764301
1.1858653557283545e6,2139.8920437869847,273.93489717325997,0.4943150621313066,0.0,0.4943150621313066,-0.0017924066917192967
1.1879979199040388e6,2132.5641756841537,274.42751949784304,0.492622324583067,0.0,0.492622324583067,-0.0017927920421758807
1.1901238452190796e6,2125.9253150409563,274.9186082456009,0.49108874775788536,0.0,0.49108874775788536,-0.001793174367609018
1.1922430423558813e6,2119.19713680159,275.4081427842186,0.48953453861770413,0.0,0.48953453861770413,-0.001793553206613603
1.1943536827205534e6,2110.6403646719646,275.89570070845787,0.4875579242392405,0.0,0.4875579242392405,-0.0017939298114075133
1.196456361255941e6,2102.6785353875835,276.3814194501324,0.4857187416745319,0.0,0.4857187416745319,-0.0017943045731530737
1.1985515647420534e6,2095.2034861124394,276.86541145542435,0.4839920052919524,0.0,0.4839920052919524,-0.0017946752724408417
1.2006382753478808e6,2086.710605827385,277.3474416053705,0.4820301499461266,0.0,0.4820301499461266,-0.0017950431817796671
1.202715827723125e6,2077.552375244261,277.8273562040353,0.4799145986648341,0.0,0.4799145986648341,-0.001795408907498853
1.204785003849049e6,2069.176125924133,278.3053358891238,0.477979685088485,0.0,0.477979685088485,-0.0017957724467760766
1.206845612066502e6,2060.6082174528456,278.7813363873554,0.47600049823159907,0.0,0.47600049823159907,-0.0017961315816110407
1.208898317851248e6,2052.705784745912,279.2555114236317,0.47417503627627866,0.0,0.47417503627627866,-0.0017964885874964124
1.2109438608840026e6,2045.5430327547765,279.72803186419804,0.4725204405663703,0.0,0.4725204405663703,-0.001796843816094614
1.212982394199871e6,2038.5333158682429,280.1989330601636,0.4709011959655527,0.0,0.4709011959655527,-0.0017971963428969904
1.215013895068213e6,2031.5008683421765,280.6682097607672,0.4692767006035865,0.0,0.4692767006035865,-0.0017975453142630743
1.2170391172951001e6,2025.2222268870703,281.1360360951615,0.4678263343943172,0.0,0.4678263343943172,-0.001797892416745966
1.2190585533132101e6,2019.4360181099162,281.6025258153449,0.46648972018340373,0.0,0.46648972018340373,-0.0017982379539885985
1.2210715663493203e6,2013.0130361101026,282.0675318267029,0.4650060113580139,0.0,0.4650060113580139,-0.001798580087644599
1.2230787965571103e6,2007.2302077898069,282.5312020047024,0.463670177999461,0.0,0.463670177999461,-0.0017989192733379833
1.2250808232509275e6,2002.02669381722,282.99367017095756,0.46246816625517795,0.0,0.46246816625517795,-0.0017992566155140334
1.2270771219609512e6,1996.298710023755,283.45481517297304,0.4611450020154848,0.0,0.4611450020154848,-0.001799591939381007
1.2290678620808322e6,1990.7401198809405,283.9146761406821,0.45986096770906215,0.0,0.45986096770906215,-0.001799922900558506
1.2310535665346836e6,1985.7044538512232,284.37337386952174,0.45869772883963833,0.0,0.45869772883963833,-0.0018002516172810714
1.2330341029564e6,1980.536421716518,284.8308777829382,0.457503913416474,0.0,0.457503913416474,-0.0018005781029573433
1.2350090771517472e6,1974.974195347238,285.28709682204686,0.45621903910864603,0.0,0.45621903910864603,-0.0018009023386048048
1.2369788400912178e6,1969.7629394706562,285.7421120610646,0.4550152390177118,0.0,0.4550152390177118,-0.0018012243878983635
1.238943657380004e6,1964.81728878617,286.1959848547907,0.4538727937261342,0.0,0.4538727937261342,-0.0018015442983253453
1.2409026871911618e6,1959.029811157868,286.64852074116817,0.45253588637746134,0.0,0.45253588637746134,-0.001801861978790902
1.24285631014865e6,1953.6229574882873,287.09980764434795,0.4512869031797777,0.0,0.4512869031797777,-0.0018021775157597516
1.2448048779003692e6,1948.5677517191114,287.54992679499503,0.4501191506470832,0.0,0.4501191506470832,-0.001802490964116757
1.2467477883833854e6,1942.9104830160925,287.9987391165552,0.44881232156018314,0.0,0.44881232156018314,-0.0018028022519988574
1.2486850933518254e6,1937.3049684400444,288.44625656426484,0.44751744770962887,0.0,0.44751744770962887,-0.0018031114220372541
1.2506171586197808e6,1932.0652679555164,288.8925636411791,0.44630707691425187,0.0,0.44630707691425187,-0.0018034185473891394
1.2525437655467885e6,1926.6069270075848,289.3376098413179,0.4450462001387905,0.0,0.4450462001387905,-0.001803723599509405
1.2544645622489138e6,1920.7967021254397,289.7813138795088,0.44370403819090143,0.0,0.44370403819090143,-0.0018040265505443486
1.2563799360222598e6,1915.3737733460641,290.2237652211517,0.4424513416429363,0.0,0.4424513416429363,-0.001804327490120246
1.2582900339207142e6,1910.0978984544533,290.66499783567815,0.44123261452642737,0.0,0.44123261452642737,-0.0018046264487688174
1.2601941218626092e6,1904.0879418950108,291.1048421502724,0.43984431459426787,0.0,0.43984431459426787,-0.0018049233298643858
1.2620925946732566e6,1898.4728106474984,291.54338936953195,0.438547219259533,0.0,0.438547219259533,-0.001805218217381533
1.263985826802032e6,1893.2321287753377,291.9807259912791,0.4373366217471357,0.0,0.4373366217471357,-0.0018055111923196412
1.2658729851247505e6,1887.158322718568,292.416659563827,0.4359335725479241,0.0,0.4359335725479241,-0.001805802141703843
1.2677543374461643e6,1881.3523214139082,292.8512519500736,0.43459238624660657,0.0,0.43459238624660657,-0.0018060911157089467
1.269630272288154e6,1875.934841989868,293.28459289857324,0.43334094849961957,0.0,0.43334094849961957,-0.0018063782008993954
1.2715002567851008e6,1869.9844969465858,293.71655931735137,0.43196641877813136,0.0,0.43196641877813136,-0.001806663342583563
1.2733642512362746e6,1863.9944511737249,294.14714203557253,0.4305827182211601,0.0,0.4305827182211601,-0.0018069465365988212
1.275222647007387e6,1858.3957711122061,294.5764314586994,0.4292894231268747,0.0,0.4292894231268747,-0.0018072278572923606
1.277075188023676e6,1852.541016288929,295.00436843346216,0.4279369747627584,0.0,0.4279369747627584,-0.0018075073026198934
1.2789215640278046e6,1846.376004128813,295.4308812904159,0.42651285695376373,0.0,0.42651285695376373,-0.0018077848375087093
1.2807621660024524e6,1840.6019746476136,295.8560603465595,0.4251790561435769,0.0,0.4251790561435769,-0.0018080605204590925
1.282596968886085e6,1834.802883632768,296.2798998126952,0.42383946613568924,0.0,0.42383946613568924,-0.0018083343766325463
1.2844254405514097e6,1828.4716653245598,296.7022767673852,0.42237695468998027,0.0,0.42237695468998027,-0.0018086063601270319
1.2862479716204377e6,1822.5310690279443,297.12328144433064,0.42100467694547206,0.0,0.42100467694547206,-0.001808876523095099
1.2880647248553839e6,1816.7532349461808,297.5429514416032,0.4196699972725355,0.0,0.4196699972725355,-0.0018091449011418894
1.2898749806395613e6,1810.2557841775201,297.96112052774816,0.41816908614498516,0.0,0.41816908614498516,-0.0018094114315242034
1.2916791387573176e6,1804.158117756319,298.3778810529499,0.4167605252017097,0.0,0.4167605252017097,-0.001809676179874473
1.293477509058914e6,1798.3703015962583,298.79330459260206,0.41542353965218126,0.0,0.41542353965218126,-0.0018099391877633196
1.2952692131549215e6,1791.704096007633,299.20718823877985,0.41388364617779416,0.0,0.41388364617779416,-0.0018102003632111106
1.297054670246624e6,1785.4570917024735,299.61962882696304,0.41244058818318763,0.0,0.41244058818318763,-0.0018104597908926694
1.298834267801898e6,1779.59755527404,300.0307158622314,0.4110870352683378,0.0,0.4110870352683378,-0.0018107175223468493
1.3006070672893808e6,1772.7994874827828,300.4402325438399,0.4095166816085225,0.0,0.4095166816085225,-0.0018109734436481497
1.302373469346925e6,1766.4020575440784,300.8482714191326,0.40803887529267513,0.0,0.40803887529267513,-0.0018094350796622326
1.3041338732046916e6,1760.4038577667636,301.2549247102932,0.4066532911606373,0.0,0.4066532911606373,-0.0018079076347355145
1.3058873829928585e6,1753.5097881669876,301.65998547135973,0.40506076106652245,0.0,0.40506076106652245,-0.0018063917833842137
1.3076343403666297e6,1746.9573737712058,302.06353262468434,0.40354715332460955,0.0,0.40354715332460955,-0.0018048871365495096
1.3093751630308668e6,1740.8226642372317,302.4656626601231,0.4021300354387449,0.0,0.4021300354387449,-0.0018033932506604064
1.3111089629594502e6,1733.799928583475,302.86617044362583,0.4005077835027464,0.0,0.4005077835027464,-0.0018019107975108526
1.3128360713974827e6,1727.108438032504,303.26513249281135,0.3989620491855135,0.0,0.3989620491855135,-0.0018004393953406474
1.3145569145711618e6,1720.8431736791424,303.6626472659478,0.3975147731364359,0.0,0.3975147731364359,-0.0017989785987421569
1.3162705677010622e6,1713.653129900247,304.05850113895474,0.3958538730069563,0.0,0.3958538730069563,-0.001797529112981494
1.3179774017985954e6,1706.8340975332937,304.4527798154684,0.39427867651363613,0.0,0.39427867651363613,-0.0017960905234405643
1.3196778121428152e6,1700.410344219657,304.84557460498314,0.39279478951476676,0.0,0.39279478951476676,-0.001794662411019866
1.321370852159126e6,1693.0400163108436,305.23666684875093,0.39109224376778684,0.0,0.39109224376778684,-0.0017932454987427964
1.3230569578997374e6,1686.1057406113603,305.6261572748321,0.38949042608118134,0.0,0.38949042608118134,-0.0017918393256167939
1.3247363754440078e6,1679.4175442703458,306.01410272755857,0.38794545272645564,0.0,0.38794545272645564,-0.001790443596155038
1.3264083071152144e6,1671.931671206616,306.40031894362386,0.3862162160652929,0.0,0.3862162160652929,-0.001789058900808745
1.3280732012130702e6,1664.8940978556914,306.7849094802285,0.38459053660466225,0.0,0.38459053660466225,-0.001787684782773172
1.3297310964410796e6,1657.8952280094015,307.16788327788214,0.3829737976536194,0.0,0.3829737976536194,-0.0017863211187072968
1.3313813974198448e6,1650.300978765056,307.5491028039769,0.3812195260947533,0.0,0.3812195260947533,-0.001784968320232121
1.3330245669108555e6,1643.1694910106964,307.92867495640036,0.37957215242346365,0.0,0.37957215242346365,-0.0017836259307905727
1.3346603785560692e6,1635.8116452137187,308.3065474464447,0.3778724900443535,0.0,0.3778724900443535,-0.0017822940493077517
1.3362885006762252e6,1628.122120155969,308.6826436562173,0.37609620977258373,0.0,0.37609620977258373,-0.0017809728607619082
1.3379094029789881e6,1620.9023027629032,309.0570720881555,0.3744284319382132,0.0,0.3744284319382132,-0.0017796619089396047
1.3395225372181498e6,1613.1342391617043,309.4297060973853,0.3726340092297846,0.0,0.3726340092297846,-0.00177836156159554
1.341127900994451e6,1605.363776301172,309.8005451297109,0.37083903232559123,0.0,0.37083903232559123,-0.001777071730557485
1.342725964608028e6,1598.0636135770712,310.16969782444716,0.36915269473627177,0.0,0.36915269473627177,-0.001775791960623997
1.344315794886809e6,1589.8302787810478,310.5369486188456,0.3672507943984442,0.0,0.3672507943984442,-0.0017745229328753396
1.3458977889479345e6,1581.9940611254226,310.9023892469655,0.36544062811992717,0.0,0.36544062811992717,-0.0017732642400575432
1.3474720304302708e6,1574.241482336331,311.26603902938524,0.3636497824197136,0.0,0.3636497824197136,-0.0017720157351490506
1.3490379000875691e6,1565.869657298382,311.62775492022115,0.36171589083591016,0.0,0.36171589083591016,-0.0017707778435355657
1.3505958823201926e6,1557.9822326235146,311.98764881597367,0.3598938957525206,0.0,0.3598938957525206,-0.0017695501000376665
1.352145521010039e6,1549.6386898463745,312.3456153533282,0.357966537354514,0.0,0.357966537354514,-0.0017683327817530827
1.3536867408952266e6,1541.2198851876346,312.7016371468065,0.3560217934783054,0.0,0.3560217934783054,-0.001767125876871076
1.3552200139334553e6,1533.2730382287625,313.05582321863733,0.3541860718308385,0.0,0.3541860718308385,-0.0017659289435778237
1.3567443153084398e6,1524.3013749843758,313.4079368362587,0.3521136176213986,0.0,0.3521136176213986,-0.0017647427008957576
1.358260165343932e6,1515.8500354923717,313.7580981944575,0.35016135819876126,0.0,0.35016135819876126,-0.0017635666654924255
1.3597673507123063e6,1507.18536837417,314.1062580145519,0.34815982009439495,0.0,0.34815982009439495,-0.0017624009384383345
1.3612655498319212e6,1498.1991196148267,314.4523420111664,0.3460839966145386,0.0,0.3460839966145386,-0.0017612456873496484
1.3627552812545458e6,1489.7314226245649,314.79646996979267,0.34412795862624534,0.0,0.34412795862624534,-0.001760100431517079
1.3642355598096778e6,1480.2785551319716,315.13841431602816,0.3419443462354934,0.0,0.3419443462354934,-0.0017589658674479172
1.3657068552386945e6,1471.295429016773,315.478283560131,0.3398692441028288,0.0,0.3398692441028288,-0.0017578415568309934
1.3671688850875685e6,1462.029848873996,315.8160124552209,0.3377288950899242,0.0,0.3377288950899242,-0.0017567276342103592
1.368621407781775e6,1452.522694206598,316.1515451975826,0.3355327423616927,0.0,0.3355327423616927,-0.0017556242167360897
1.3700648148337603e6,1443.4070519851678,316.48497222659114,0.3334270290085328,0.0,0.3334270290085328,-0.0017545309378210218
1.3714981749184805e6,1433.3600847201303,316.8160784061615,0.3311061795703836,0.0,0.3311061795703836,-0.0017534484224749727
1.3729220571446314e6,1423.8822261508672,317.1449952004189,0.3289167942573954,0.0,0.3289167942573954,-0.001752376167080449
1.374335809620774e6,1413.7524761424872,317.4715720224078,0.32657682198890825,0.0,0.32657682198890825,-0.0017513146011590552
1.3757395658815152e6,1403.7562607413502,317.7958397186225,0.3242676962146902,0.0,0.3242676962146902,-0.00175026354172494
1.3771331810795076e6,1393.615197992521,318.11776482935875,0.3219251107362311,0.0,0.3219251107362311,-0.001749223022439067
1.3785162896033586e6,1383.1085238510545,318.4372628983683,0.319498069009569,0.0,0.319498069009569,-0.0017481932549593393
1.3798891882519347e6,1372.8986485761918,318.7544024861894,0.31713958782108875,0.0,0.31713958782108875,-0.0017471739404527832
1.381251047956855e6,1361.8597049203943,319.068992078026,0.31458959183657953,0.0,0.31458959183657953,-0.001746165617253473
1.3824e6,1148.9520431449637,319.33439999999246,0.2654079219664709,0.0,0.2654079219664709,-0.0017453174644536825
