Year,Month,Day,Hour,Minute,Second,-5.0,-15.0,-25.0,-35.0,-45.0,-55.0,-65.0,-75.0,-85.0,-95.0,-105.0,-115.0,-125.0,-135.0,-145.0,-155.0,-165.0,-175.0,-185.0,-195.0,-205.0,-215.0,-225.0,-235.0,-245.0,-255.0,-265.0,-275.0,-285.0,-295.0,-305.0,-315.0,-325.0,-335.0,-345.0,-355.0,-365.0,-375.0,-385.0,-395.0,-405.0,-415.0,-425.0,-435.0,-445.0,-455.0,-465.0,-475.0,-485.0,-495.0,-505.0,-515.0,-525.0,-535.0,-545.0,-555.0,-565.0,-575.0,-585.0,-595.0,-605.0,-615.0,-625.0,-635.0,-645.0,-655.0,-665.0,-675.0,-685.0,-695.0,-705.0,-715.0,-725.0,-735.0,-745.0,-755.0,-765.0,-775.0,-785.0,-795.0,-805.0,-815.0,-825.0,-835.0,-845.0,-855.0,-865.0,-875.0,-885.0,-895.0,-905.0,-915.0,-925.0,-935.0,-945.0,-955.0,-965.0,-975.0,-985.0,-995.0
1,1,1,12,0,0,-751.3117941305176,-754.0152797478902,-756.8843681028222,-759.9290972194214,-763.1602820657544,-766.589593944332,-770.2296501323978,-774.0941153826175,-778.1978171951281,-782.5568771374693,-787.1888609360005,-792.1129506118982,-797.3501426136845,-802.9234767414179,-808.858301711271,-815.1825845333406,-821.9272725506527,-829.1267191205972,-836.8191866564003,-845.0474442828784,-853.85948196824,-863.3093690486783,-873.4582930913247,-884.3758257925249,-896.1414771551415,-908.8466190915888,-922.5968871594168,-937.5152077940231,-953.745653389401,-971.4584069775958,-990.8562348043038,-1012.1830392493563,-1035.735329887209,-1061.8778634982466,-1091.0653619570576,-1123.873293031209,-1161.0425096263377,-1203.5456867591593,-1252.6891482790397,-1310.2742391631512,-1378.8629977111937,-1462.234977364838,-1566.2128357260963,-1700.244065825791,-1880.6591544323037,-2137.886490788944,-2533.027170433972,-3197.7563606374024,-4376.163024067864,-6562.801389375185,-9499.590487060714,-9991.96234011939,-9999.896986807309,-9999.998684025633,-9999.999983189358,-9999.999999785285,-9999.999999997246,-9999.999999999967,-10000.000000000007,-10000.000000000007,-10000.000000000007,-10000.000000000007,-10000.000000000007,-10000.000000000007,-10000.000000000007,-10000.000000000007,-10000.000000000007,-10000.000000000007,-10000.000000000007,-10000.000000000007,-10000.000000000007,-10000.000000000007,-10000.000000000007,-10000.000000000007,-10000.000000000007,-10000.000000000007,-10000.000000000007,-10000.000000000007,-10000.000000000007,-10000.000000000007,-10000.000000000007,-10000.000000000007,-10000.000000000007,-10000.000000000007,-10000.000000000007,-10000.000000000007,-10000.000000000007,-10000.000000000007,-10000.000000000007,-10000.000000000007,-10000.000000000007,-10000.000000000007,-10000.000000000007,-10000.000000000007,-10000.000000000007,-10000.000000000007,-10000.000000000007,-10000.000000000007,-10000.000000000007,-10000.000000000007
1,1,1,13,0,0,-751.1857495823757,-753.6280258104182,-756.2167692163503,-758.9605461039416,-761.8685539170654,-764.9506823406912,-768.2175818698611,-771.680740956613,-775.3525730402719,-779.2465150021868,-783.3771388709745,-787.7602789509324,-792.4131769692177,-797.3546483566931,-802.6052734174267,-808.1876179358859,-814.1264887607423,-820.4492311460635,-827.1860761983669,-834.3705487698164,-842.0399486870663,-850.2359214912016,-859.0051391342959,-868.4001166728581,-878.4801983950654,-889.3127566904852,-900.9746602810593,-913.5540865744551,-927.1527779203875,-941.8888764908854,-957.9005219673277,-975.3504672709267,-994.4320712830623,-1015.3771815217248,-1038.4666528419912,-1064.0446083984407,-1092.5381184222006,-1124.4848951437534,-1160.5731400299082,-1201.7003227427417,-1249.0623737278238,-1304.2934674862447,-1369.693362196197,-1448.6132814454652,-1546.1440072822534,-1670.4139993783374,-1835.1985321703996,-2065.544370892874,-2410.735032594843,-2976.322923321097,-4000.1781609242316,-5994.281493137809,-8909.331662701676,-9670.97295009924,-9938.491726626435,-9998.872960082006,-9999.985324410596,-9999.999809923742,-9999.999997538323,-9999.99999996812,-9999.999999999594,-9999.999999999987,-9999.99999999999,-9999.99999999999,-9999.99999999999,-9999.99999999999,-9999.99999999999,-9999.99999999999,-9999.99999999999,-9999.99999999999,-9999.99999999999,-9999.99999999999,-9999.99999999999,-9999.99999999999,-9999.99999999999,-9999.99999999999,-9999.99999999999,-9999.99999999999,-9999.99999999999,-9999.99999999999,-9999.99999999999,-9999.99999999999,-9999.99999999999,-9999.99999999999,-9999.99999999999,-9999.99999999999,-9999.99999999999,-9999.99999999999,-9999.99999999999,-9999.99999999999,-9999.99999999999,-9999.99999999999,-9999.99999999999,-9999.99999999999,-9999.99999999999,-9999.99999999999,-9999.99999999999,-9999.99999999999,-9999.99999999999,-9999.99999999999
1,1,1,14,0,0,-751.0760753428355,-753.2913183444236,-755.6369459212616,-758.1203426641795,-760.7494131708115,-763.5326299291924,-766.47908676474,-769.5985586361851,-772.9015686973953,-776.3994636988623,-780.1044989908103,-784.0299346162352,-788.1901442559767,-792.600739120186,-797.2787092860763,-802.2425854785379,-807.51262490249,-813.1110254937864,-819.062173899678,-825.3929336826408,-832.1329817323887,-839.3152027629167,-846.9761541888547,-855.1566167872755,-863.9022505877476,-873.26438071399,-883.3009448688824,-894.0776434379156,-905.6693456783429,-918.161822454189,-931.6538993616132,-946.2601566732999,-962.1143485492469,-979.3737799078119,-998.224975361559,-1018.8911168308448,-1041.6419410827673,-1066.8071191374354,-1094.7946606764974,-1126.1167288321917,-1161.4266500429821,-1201.5733012057287,-1247.6833077171698,-1301.2893190458838,-1364.5376911457502,-1440.5392812464556,-1533.9916327290052,-1652.3462105447993,-1808.1417682130214,-2024.0080551545689,-2344.1646335702244,-2862.6368141442545,-3791.286549477776,-5585.921037063374,-8319.685264642001,-9287.338196401899,-9861.796884475865,-9997.424494527568,-9999.966264516204,-9999.999560577322,-9999.999994276717,-9999.999999925476,-9999.999999999021,-9999.999999999987,-9999.999999999989,-9999.999999999998,-9999.999999999998,-9999.999999999998,-9999.999999999998,-9999.999999999998,-9999.999999999998,-9999.999999999998,-9999.999999999998,-9999.999999999998,-9999.999999999998,-9999.999999999998,-9999.999999999998,-9999.999999999998,-9999.999999999998,-9999.999999999998,-9999.999999999998,-9999.999999999998,-9999.999999999998,-9999.999999999998,-9999.999999999998,-9999.999999999998,-9999.999999999998,-9999.999999999998,-9999.999999999998,-9999.999999999998,-9999.999999999998,-9999.999999999998,-9999.999999999998,-9999.999999999998,-9999.999999999998,-9999.999999999998,-9999.999999999998,-9999.999999999998,-9999.999999999998,-9999.999999999998
1,1,1,15,0,0,-750.9796767155691,-752.9955576096174,-755.1281147719687,-757.383766872346,-759.7693660285388,-762.2922358894085,-764.960213937257,-767.7816985774748,-770.7657016738073,-773.9219072948714,-777.2607375648095,-780.7934266633217,-784.5321042024328,-788.4898894265867,-792.6809979475677,-797.1208630469027,-801.8262739700625,-806.8155341162127,-812.1086426175002,-817.727503532075,-823.6961677836399,-830.0411141174478,-836.7915767746324,-843.9799294017376,-851.6421370288265,-859.8182909278115,-868.5532450212203,-877.8973775526379,-887.9075083733732,-898.6480110373054,-910.1921707704482,-922.6238555090627,-936.0395893568434,-950.5511486320329,-966.2888441237324,-983.4057153215472,-1002.0829526767153,-1022.5369974120638,-1045.0289693799598,-1069.8773824015334,-1097.4755922168597,-1128.3162050147826,-1163.025971554653,-1202.4169077941679,-1247.5633003001242,-1299.92144976495,-1361.522798404797,-1435.2988190976453,-1525.6548344392486,-1639.541980486401,-1788.5915920759835,-1993.6754209538449,-2295.364103109463,-2779.4824671510996,-3639.1701567574128,-5288.919362334927,-7837.842672750005,-8948.55532133035,-9803.734726264887,-9996.41055381938,-9999.95278203489,-9999.999382068425,-9999.999991913828,-9999.999999894186,-9999.999999998623,-10000.0,-10000.000000000013,-10000.000000000013,-10000.000000000013,-10000.000000000013,-10000.000000000013,-10000.000000000013,-10000.000000000013,-10000.000000000013,-10000.000000000013,-10000.000000000013,-10000.000000000013,-10000.000000000013,-10000.000000000013,-10000.000000000013,-10000.000000000013,-10000.000000000013,-10000.000000000013,-10000.000000000013,-10000.000000000013,-10000.000000000013,-10000.000000000013,-10000.000000000013,-10000.000000000013,-10000.000000000013,-10000.000000000013,-10000.000000000013,-10000.000000000013,-10000.000000000013,-10000.000000000013,-10000.000000000013,-10000.000000000013,-10000.000000000013,-10000.000000000013,-10000.000000000013
1,1,1,16,0,0,-750.8944421190415,-752.7341978771335,-754.678843153085,-756.7339980502844,-758.905647759705,-761.2001732535387,-763.6243852308825,-766.1855617338064,-768.8914899160156,-771.7505125210896,-774.7715797157886,-777.9643070286102,-781.3390402682855,-784.9069284453672,-788.6800058978608,-792.6712850355914,-796.8948613760156,-801.3660328570173,-806.1014357933012,-811.1192003091841,-816.4391286542467,-822.0829005172641,-828.0743103355162,-834.4395426990234,-841.2074933364327,-848.4101449259407,-856.0830092147703,-864.2656498079027,-873.0023037108276,-882.3426245713028,-892.3425769629632,-903.0655195552476,-914.5835264232652,-926.9790112272351,-940.3467402248068,-954.7963495745576,-970.4555239081797,-987.4740524420972,-1006.02906490955,-1026.3318765031318,-1048.6370617890411,-1073.2546702347927,-1100.5669552151394,-1131.0517269823831,-1165.3156612103585,-1204.1429762493963,-1248.5685636820722,-1299.9913849176955,-1360.3568158779701,-1432.4624458320877,-1520.4964888585569,-1631.04056546515,-1775.060999244969,-1972.1539171524519,-2260.2712087994587,-2719.432670366412,-3529.3878056928115,-5074.129222515956,-7447.551082023259,-8668.997513111928,-9775.75067829912,-9996.082416806179,-9999.948301376695,-9999.999320674557,-9999.999991074092,-9999.999999882735,-9999.999999998463,-9999.999999999962,-9999.99999999998,-9999.99999999998,-9999.99999999998,-9999.99999999998,-9999.99999999998,-9999.99999999998,-9999.99999999998,-9999.99999999998,-9999.99999999998,-9999.99999999998,-9999.99999999998,-9999.99999999998,-9999.99999999998,-9999.99999999998,-9999.99999999998,-9999.99999999998,-9999.99999999998,-9999.99999999998,-9999.99999999998,-9999.99999999998,-9999.99999999998,-9999.99999999998,-9999.99999999998,-9999.99999999998,-9999.99999999998,-9999.99999999998,-9999.99999999998,-9999.99999999998,-9999.99999999998,-9999.99999999998,-9999.99999999998,-9999.99999999998
1,1,1,17,0,0,-750.8186878782199,-752.5020258043522,-754.2800407434368,-756.1576857027097,-758.1402240877871,-760.2332547373637,-762.4427395006679,-764.7750336712065,-767.236919636102,-769.8356441537468,-772.5789597351231,-775.4751706778197,-778.5331843887467,-781.7625687344234,-785.1736162800411,-788.7774164242375,-792.5859366110833,-796.6121140104012,-800.8699593105825,-805.374674574641,-810.1427874834931,-815.1923047469818,-820.5428880243327,-826.2160563891632,-832.2354202358339,-838.6269526007154,-845.4193052259176,-852.6441784066282,-860.3367558465993,-868.5362185486822,-877.2863553917656,-886.6362927715403,-896.641371898701,-907.3642106006191,-918.8759975370419,-931.2580817334649,-944.6039408856482,-959.0216404018884,-974.6369352400644,-991.5972237789574,-1010.0766458048787,-1030.282738762278,-1052.4652496501217,-1076.9279806441573,-1104.0449862666414,-1134.2831460821594,-1168.2343024366162,-1206.662136245545,-1250.5724466276015,-1301.3218908408248,-1360.7924472151199,-1431.683327942731,-1518.0238005726883,-1626.1263876061125,-1766.4766973016158,-1957.7580339916285,-2236.070384411458,-2677.3850304888983,-3451.9580360342406,-4920.930485565208,-7130.745433436474,-8462.345221902331,-9780.968623591456,-9996.399151824433,-9999.952365447738,-9999.999371875012,-9999.999991717701,-9999.9999998908,-9999.999999998583,-10000.000000000005,-10000.000000000018,-10000.000000000018,-10000.000000000018,-10000.000000000018,-10000.000000000018,-10000.000000000018,-10000.000000000018,-10000.000000000018,-10000.000000000018,-10000.000000000018,-10000.000000000018,-10000.000000000018,-10000.000000000018,-10000.000000000018,-10000.000000000018,-10000.000000000018,-10000.000000000018,-10000.000000000018,-10000.000000000018,-10000.000000000018,-10000.000000000018,-10000.000000000018,-10000.000000000018,-10000.000000000018,-10000.000000000018,-10000.000000000018,-10000.000000000018,-10000.000000000018,-10000.000000000018,-10000.000000000018
1,1,1,18,0,0,-750.7510486606186,-752.2948183756481,-753.9243558460943,-755.6440514929644,-757.4585618593196,-759.3728302486467,-761.3921093771582,-763.5219862784775,-765.7684097327591,-768.1377205308914,-770.6366849298186,-773.2725317077065,-776.052993289715,-778.9863514879061,-782.0814884847395,-785.3479437912544,-788.7959780318182,-792.4366445511458,-796.2818700116331,-800.3445453557263,-804.6386287576905,-809.1792624912408,-813.982906007342,-819.0674879661067,-824.4525805192438,-830.159599821869,-836.2120376001003,-842.6357296594849,-849.4591685498749,-856.713869285284,-864.4347991606271,-872.6608854564182,-881.4356183761558,-890.8077711918594,-900.8322656600378,-911.5712188452999,-923.0952183075301,-935.4848872571151,-948.8328213441343,-963.2460065590188,-978.8488667912422,-995.7871452656221,-1014.2329046508846,-1034.3910492399878,-1056.5079504446085,-1080.8830289802509,-1107.884572948833,-1137.971754029878,-1171.7259299637267,-1209.8962353934412,-1253.4678295245783,-1303.7673221122927,-1362.631641711193,-1432.690131472143,-1517.8593888478267,-1624.2619330728503,-1762.046249057532,-1949.2623078690112,-2220.743023049874,-2649.7358656691613,-3399.906153240685,-4814.818765439704,-6872.969967590208,-8342.333950991757,-9813.564467088236,-9997.121181532055,-9999.961840632079,-9999.999495290185,-9999.999993324705,-9999.999999911728,-9999.999999998836,-9999.999999999985,-9999.999999999982,-9999.999999999982,-9999.999999999982,-9999.999999999982,-9999.999999999982,-9999.999999999982,-9999.999999999982,-9999.999999999982,-9999.999999999982,-9999.999999999982,-9999.999999999982,-9999.999999999982,-9999.999999999982,-9999.999999999982,-9999.999999999982,-9999.999999999982,-9999.999999999982,-9999.999999999982,-9999.999999999982,-9999.999999999982,-9999.999999999982,-9999.999999999982,-9999.999999999982,-9999.999999999982,-9999.999999999982,-9999.999999999982,-9999.999999999982,-9999.999999999982
1,1,1,19,0,0,-750.6904038451463,-752.1091130039622,-753.6057696141982,-755.1842855253495,-756.8488024695981,-758.6037092400495,-760.4536604825198,-762.4035972847461,-764.4587697718263,-766.6247619451836,-768.9075190356212,-771.3133776794921,-773.8490992720338,-776.5219069042406,-779.3395263512717,-782.3102316526538,-785.4428959097438,-788.7470480268504,-792.232936242205,-795.9115994377055,-799.7949473870638,-803.8958513071468,-808.2282463245022,-812.8072477685046,-817.6492835669527,-822.772245465098,-828.1956623361833,-833.9408995268163,-840.0313890190338,-846.4928962379691,-853.3538306493368,-860.645608954159,-868.4030818053952,-876.665037685764,-885.474801093371,-894.880946750143,-904.9381575498048,-915.7082619202479,-927.261496931402,-939.6780579003048,-953.050014982023,-967.4837045799183,-983.1027417962581,-1000.051854807671,-1018.5018211059638,-1038.6559018239134,-1060.7583445817068,-1085.1057916523866,-1112.0628466890912,-1142.0837206296053,-1175.7429766522148,-1213.7802609880523,-1257.16718771549,-1307.2105394330122,-1365.7173792875446,-1435.2705698947452,-1519.711628000205,-1625.0365964079392,-1761.1707479388588,-1945.7495395034166,-2212.7905450245544,-2633.8245548585,-3368.0557633480566,-4744.641587448903,-6666.452094369888,-8322.667263557065,-9860.79195184125,-9997.963200475422,-9999.97295322798,-9999.999641328128,-9999.999995243645,-9999.999999936923,-9999.999999999167,-10000.000000000016,-10000.00000000002,-10000.00000000002,-10000.00000000002,-10000.00000000002,-10000.00000000002,-10000.00000000002,-10000.00000000002,-10000.00000000002,-10000.00000000002,-10000.00000000002,-10000.00000000002,-10000.00000000002,-10000.00000000002,-10000.00000000002,-10000.00000000002,-10000.00000000002,-10000.00000000002,-10000.00000000002,-10000.00000000002,-10000.00000000002,-10000.00000000002,-10000.00000000002,-10000.00000000002,-10000.00000000002,-10000.00000000002,-10000.00000000002
1,1,1,20,0,0,-750.6358251657247,-751.9420441375573,-753.3193078609809,-754.7711178709706,-756.3011756274449,-757.9133969379614,-759.6119276866015,-761.4011610126877,-763.2857561015707,-765.2706587710915,-767.3611240621169,-769.5627410700591,-771.8814602873599,-774.3236237653939,-776.8959984489805,-779.605813089106,-782.4607992005974,-785.4692366037376,-788.6400041736408,-791.9826365218155,-795.5073874536138,-799.2253011875852,-803.1482924926826,-807.289237103604,-811.6620740206893,-816.2819215989315,-821.165209693241,-826.3298305702432,-831.7953118410711,-837.5830153413503,-843.7163667185222,-850.2211215276016,-857.1256749439838,-864.4614238546612,-872.2631921927431,-880.5697330761616,-889.4243247940948,-898.8754822188569,-908.9778111763652,-919.7930412017697,-931.3912826726449,-943.8525686046164,-957.2687609476887,-971.7459282997635,-987.4073399492565,-1004.3972752367376,-1022.8859253934161,-1043.0757799235462,-1065.2100616613552,-1089.5840375461337,-1116.5604429550947,-1146.5909153409607,-1180.2464159167325,-1218.2614563579582,-1261.600176682025,-1311.5582166538543,-1369.9255682426465,-1439.2581216330914,-1523.3532825824118,-1628.1321819891955,-1763.3876965254422,-1946.5115445965312,-2211.0497622070925,-2627.5613824255415,-3352.274114755528,-4700.9773314737395,-6513.165976890348,-8414.189143797666,-9908.160824779327,-9998.708164946882,-9999.98281604569,-9999.999771593733,-9999.999996964074,-9999.99999995966,-9999.99999999945,-10000.000000000004,-9999.999999999978,-9999.999999999978,-9999.999999999978,-9999.999999999978,-9999.999999999978,-9999.999999999978,-9999.999999999978,-9999.999999999978,-9999.999999999978,-9999.999999999978,-9999.999999999978,-9999.999999999978,-9999.999999999978,-9999.999999999978,-9999.999999999978,-9999.999999999978,-9999.999999999978,-9999.999999999978,-9999.999999999978,-9999.999999999978,-9999.999999999978,-9999.999999999978,-9999.999999999978,-9999.999999999978
1,1,1,21,0,0,-750.5865378213739,-751.7912220078366,-753.0608274941466,-754.3985015071246,-755.8075662085296,-757.2915308996413,-758.854105293396,-760.4992139672476,-762.2310121243949,-764.0539028070627,-765.9725557243315,-767.9919278783218,-770.1172861974023,-772.3542324135052,-774.7087304539269,-777.1871366562887,-779.796233160237,-782.5432648817973,-785.4359805375823,-788.4826782581931,-791.6922564151718,-795.0742703863116,-798.6389961036303,-802.3975013704613,-806.3617261041957,-810.5445728654574,-814.9600092805957,-819.623184262495,-824.5505602971167,-829.760064506198,-835.2712617402569,-841.1055536275892,-847.2864083379851,-853.8396268600353,-860.7936528969403,-868.1799351365569,-876.0333527519196,-884.3927176805078,-893.3013707069435,-902.8078928995822,-912.9669598939647,-923.8403743912825,-935.4983227784221,-948.0209160282709,-961.5000945314752,-976.0420034972059,-991.769983414376,-1008.8283739236674,-1027.3874072726876,-1047.649581882476,-1069.8580777163925,-1094.3080365618862,-1121.3619386047856,-1151.4709602153055,-1185.2052731319989,-1223.2980694419323,-1266.7112998622586,-1316.7369591981478,-1375.1589004500702,-1444.5224887809445,-1528.6066759661117,-1633.2994172832987,-1768.3324516023285,-1950.9823647898756,-2214.5690907167973,-2629.177927927194,-3348.988369218947,-4675.3772383285395,-6426.56673280042,-8617.890975936862,-9945.610880418273,-9999.253528318606,-9999.990053156322,-9999.999867509821,-9999.99999823526,-9999.9999999765,-9999.999999999698,-9999.99999999999,-10000.000000000013,-10000.000000000013,-10000.000000000013,-10000.000000000013,-10000.000000000013,-10000.000000000013,-10000.000000000013,-10000.000000000013,-10000.000000000013,-10000.000000000013,-10000.000000000013,-10000.000000000013,-10000.000000000013,-10000.000000000013,-10000.000000000013,-10000.000000000013,-10000.000000000013,-10000.000000000013,-10000.000000000013,-10000.000000000013,-10000.000000000013,-10000.000000000013
1,1,1,22,0,0,-750.5418908950908,-751.6546405025287,-752.8268545149007,-754.0613722319084,-755.3611868697835,-756.7294559631714,-758.1695126468751,-759.6848779078093,-761.2792739084168,-762.9566384953636,-764.7211410214327,-766.5771996250174,-768.5295001302084,-770.583016752069,-772.7430348164638,-775.0151757325613,-777.4054244892868,-779.9201599856399,-782.5661885498282,-785.3507810546131,-788.281714097895,-791.3673157899342,-794.6165167738853,-798.0389072072677,-801.6448005518505,-805.4453051621473,-809.4524048334149,-813.6790496750834,-818.1392589225634,-822.8482375995068,-827.8225093065034,-833.0800678565937,-838.6405510239221,-844.5254403455531,-850.7582917526108,-857.3650028506717,-864.3741239797905,-871.8172218411701,-879.7293065847252,-888.1493359530384,-897.1208135643619,-906.6925029574918,-916.9192849818269,-927.8631940139087,-939.5946790500291,-952.1941500142361,-965.7538891629705,-980.3804345165227,-996.1975801831088,-1013.3501924027432,-1032.009118090022,-1052.3775771675541,-1074.6996013236958,-1099.2713434248053,-1126.45649018761,-1156.7076641232209,-1190.5967752565577,-1228.8591049966894,-1272.4591016125355,-1322.691698552238,-1381.3440800959238,-1450.9650687533667,-1535.3363947544085,-1640.3460342356757,-1775.7179663528714,-1958.701478551211,-2222.5360327812923,-2637.0680604645604,-3354.9152332747763,-4661.133306420612,-6430.287667928933,-8913.532792736813,-9970.352162181154,-9999.598349998398,-9999.994637771619,-9999.999928425725,-9999.99999904464,-9999.999999987267,-9999.999999999834,-9999.999999999998,-9999.999999999996,-9999.999999999996,-9999.999999999996,-9999.999999999996,-9999.999999999996,-9999.999999999996,-9999.999999999996,-9999.999999999996,-9999.999999999996,-9999.999999999996,-9999.999999999996,-9999.999999999996,-9999.999999999996,-9999.999999999996,-9999.999999999996,-9999.999999999996,-9999.999999999996,-9999.999999999996,-9999.999999999996,-9999.999999999996
1,1,1,23,0,0,-750.5013323793228,-751.5305995760096,-752.6144480655289,-753.7554479458353,-754.9563054193791,-756.219871716679,-757.5491527508711,-758.9473195758412,-760.4177197291939,-761.9638895508722,-763.5895675794111,-765.2987091401621,-767.0955022543728,-768.9843850142603,-770.9700645881636,-773.0575380414869,-775.2521151841188,-777.5594436839491,-779.9855367194752,-782.5368034834029,-785.2200828944726,-788.042680927559,-791.0124120341177,-794.1376451979588,-797.4273552571433,-800.8911802245467,-804.5394854602015,-808.3834356923263,-812.4350760559685,-816.7074235243937,-821.2145703575455,-825.9718014928769,-830.9957281705767,-836.304440532904,-841.9176824872261,-847.8570528011517,-854.1462372405387,-860.8112776127348,-867.8808848979197,-875.3868053202963,-883.3642503347844,-891.8524042260118,-900.8950265309778,-910.5411710713458,-920.8460493876248,-931.8720743259829,-943.6901301772821,-956.3811301659152,-970.0379417747567,-984.7677876423619,-1000.6952679806866,-1017.9662048087596,-1036.7525867902452,-1057.2590087415565,-1079.7311723103596,-1104.4672774850699,-1131.8335452159997,-1162.2857680396917,-1196.399864587957,-1234.9162417739412,-1278.8059727868458,-1329.3726368416733,-1388.4147753856882,-1458.496124123707,-1543.4176867944698,-1649.0910455872727,-1785.2645714319606,-1969.1971538173857,-2234.065608687706,-2649.3804137480547,-3366.340500094193,-4655.734303500911,-6554.793692664374,-9253.294660612846,-9984.898244380041,-9999.796659442643,-9999.99728082394,-9999.999963641134,-9999.99999951385,-9999.999999993499,-9999.999999999909,-10000.000000000036,-10000.000000000005,-10000.000000000005,-10000.000000000005,-10000.000000000005,-10000.000000000005,-10000.000000000005,-10000.000000000005,-10000.000000000005,-10000.000000000005,-10000.000000000005,-10000.000000000005,-10000.000000000005,-10000.000000000005,-10000.000000000005,-10000.000000000005,-10000.000000000005,-10000.000000000005,-10000.000000000005
1,1,2,0,0,0,-750.4644023682164,-751.4176835942608,-752.4211612225981,-753.4771688191877,-754.5881608608512,-755.7567204373026,-756.9855675648646,-758.277568170776,-759.6357438138244,-761.063282214517,-762.5635486766784,-764.1400984920648,-765.796690430771,-767.537301432756,-769.3661426304325,-771.2876768486848,-773.3066377478326,-775.4280507967885,-777.6572562890261,-779.9999346429692,-782.4621342623477,-785.0503022711307,-787.7713184835231,-790.6325330228976,-793.6418080660185,-796.8075642627157,-800.1388324677116,-803.6453115242562,-807.3374329608009,-811.2264336075883,-815.3244373134157,-819.6445471517785,-824.200949756955,-829.0090337352763,-834.0855244674184,-839.4486380701999,-845.118257842641,-851.1161372075373,-857.4661340118865,-864.194482113452,-871.3301075170082,-878.9049980125375,-886.9546374173076,-895.5185182783142,-904.6407504495542,-914.3707875902146,-924.7642997119755,-935.8842279630662,-947.8020686217362,-960.5994478551123,-974.3700687421592,-989.2221396619565,-1005.2814318546145,-1022.6951690088614,-1041.6370312250497,-1062.3136724318183,-1084.973324893267,-1109.9173307477984,-1137.515855834036,-1168.229704721154,-1202.6412454476917,-1241.499296144157,-1285.7860527021794,-1336.8200040971174,-1396.4199190526906,-1467.1771791398119,-1552.9304327888049,-1659.6409409420194,-1797.1158085479674,-1982.6576447415282,-2249.3772093944353,-2666.28244505608,-3383.675691557117,-4672.487490303451,-6816.608176808091,-9550.649993129044,-9992.510859968555,-9999.89903173487,-9999.998643074732,-9999.999981764915,-9999.99999975497,-9999.999999996759,-9999.999999999938,-9999.999999999984,-9999.999999999984,-9999.999999999984,-9999.999999999984,-9999.999999999984,-9999.999999999984,-9999.999999999984,-9999.999999999984,-9999.999999999984,-9999.999999999984,-9999.999999999984,-9999.999999999984,-9999.999999999984,-9999.999999999984,-9999.999999999984,-9999.999999999984,-9999.999999999984
1,1,2,1,0,0,-750.4306839576806,-751.3146104012976,-752.2447805772595,-753.223319096434,-754.2524584303296,-755.3345455954181,-756.4720493526528,-757.6675679704844,-758.9238376047982,-760.243741355393,-761.6303190652454,-763.0867779366126,-764.6165040465439,-766.2230748544404,-767.9102728053208,-769.6821001454506,-771.5427950815135,-773.4968494312369,-775.5490279327294,-777.7043894018037,-779.9683099521151,-782.3465085224209,-784.8450749894678,-787.4705011846662,-790.2297151790746,-793.1301192552386,-796.1796320477423,-799.3867354090698,-802.7605266449347,-806.3107768675478,-810.0479963385353,-813.9835078206013,-818.1295291329276,-822.4992663168467,-827.1070190733005,-831.9683004424057,-837.099973071165,-842.5204048744982,-848.2496474590494,-854.3096413754955,-860.7244531299605,-867.5205499646365,-874.7271197742834,-882.3764452396779,-890.5043434417241,-899.1506850177224,-908.3600105348692,-918.1822664618442,-928.6736892984966,-939.8978746140585,-951.9270787043586,-964.8438154009424,-978.7428308347608,-993.733567012521,-1009.9432644029682,-1027.5209096699446,-1046.6423154555312,-1067.5167376733596,-1090.3956129763578,-1115.5842692182507,-1143.4578826532818,-1174.4836273953,-1209.252063702665,-1248.522670525299,-1293.2916716513469,-1344.896179805452,-1405.1797769681057,-1476.7666063920979,-1563.5368643468173,-1671.4979313618524,-1810.4842230683516,-1997.7189646161314,-2265.857518049401,-2682.419233485518,-3397.283407730967,-4731.297070921661,-7254.9859560059995,-9775.595236037352,-9996.682560077552,-9999.95536337966,-9999.999400201976,-9999.999991940495,-9999.999999891728,-9999.999999998561,-10000.0,-10000.000000000025,-10000.000000000025,-10000.000000000025,-10000.000000000025,-10000.000000000025,-10000.000000000025,-10000.000000000025,-10000.000000000025,-10000.000000000025,-10000.000000000025,-10000.000000000025,-10000.000000000025,-10000.000000000025,-10000.000000000025,-10000.000000000025
1,1,2,2,0,0,-750.3999338566379,-751.2206308909238,-752.0840107471442,-752.9920134214424,-753.9466755545923,-754.9501362678963,-756.0046434362353,-757.1125604381255,-758.2763734267655,-759.498699170972,-760.7822935201386,-762.1300605535889,-763.5450624815558,-765.0305303726404,-766.5898757917122,-768.2267034418884,-769.9448249159755,-771.7482736755039,-773.641321390515,-775.628495790166,-777.7146001939453,-779.9047349155751,-782.2043207577887,-784.6191248460638,-787.1552890842989,-789.8193615557332,-792.6183312395483,-795.559666468791,-798.6513576197316,-801.9019645986931,-805.3206697822133,-808.9173371722511,-812.7025786543113,-816.6878283966776,-820.8854266086005,-825.308714091595,-829.9721392784425,-834.8913797706653,-840.0834807694607,-845.5670132654906,-851.3622554308898,-857.4914013706657,-863.978802278042,-870.8512461463113,-878.1382835833479,-885.8726090374234,-894.0905089887207,-902.8323915417735,-912.1434155787375,-922.0742424878988,-932.6819398637199,-944.0310750420131,-956.1950476789224,-969.2577259438789,-983.3154719328044,-998.4796710664917,-1014.8799211890971,-1032.668095412519,-1052.0235771260195,-1073.1600896931277,-1096.3347292567003,-1121.860093164149,-1150.1208403218302,-1181.5967301017724,-1216.8953542985018,-1256.7997551453907,-1302.339588174395,-1354.9007915822044,-1416.4006794135316,-1489.5791544537215,-1578.5066110975522,-1689.5200641642032,-1833.062204624709,-2027.5642901807714,-2308.2974414070013,-2749.0114054720507,-3516.762352377551,-4990.529750623558,-7767.318614845368,-9716.53308516703,-9940.750371085836,-9998.43858058204,-9999.978714129256,-9999.999713746887,-9999.999996151164,-9999.999999948224,-9999.99999999933,-9999.99999999998,-10000.000000000015,-10000.00000000001,-10000.00000000001,-10000.00000000001,-10000.00000000001,-10000.00000000001,-10000.00000000001,-10000.00000000001,-10000.00000000001,-10000.00000000001,-10000.00000000001,-10000.00000000001
1,1,2,3,0,0,-750.3717603663848,-751.1345422595058,-751.9367799247193,-752.7802489673722,-753.6668119006506,-754.5984232655547,-755.5771351240303,-756.60510295835,-757.6845920132263,-758.8179841208955,-760.0077850540267,-761.2566324558618,-762.5673044026703,-763.942728659816,-765.3859926995892,-766.9003545569934,-768.4892546086029,-770.1563283698435,-771.9054204176351,-773.7405995585809,-775.6661753780933,-777.6867163231565,-779.8070694913351,-782.0323823217053,-784.3681264096925,-786.8201236985416,-789.3945753356804,-792.0980935233353,-794.9377367412571,-797.9210487753203,-801.0561020522081,-804.3515458577583,-807.816660108573,-811.4614154549713,-815.2965406225214,-819.3335980535439,-823.5850690943329,-828.0644501956195,-832.7863618616883,-837.7666724078986,-843.0226389821197,-848.5730687891335,-854.4385040526041,-860.6414349849481,-867.2065459505918,-874.1610011524967,-881.5347776117095,-889.3610550334092,-897.6766744786014,-906.5226807475722,-915.9449672479968,-925.9950471670168,-936.7309814098369,-948.2185025952163,-960.532386245923,-973.7581363825824,-987.9940747788426,-1003.3539537635037,-1019.9702555671424,-1037.9984027750888,-1057.62219374617,-1079.0609086011875,-1102.5787293985634,-1128.4974218554753,-1157.213702459445,-1189.2234810479815,-1225.1564354569578,-1265.8265334363778,-1312.3079243162642,-1366.052601488348,-1429.0795941152364,-1504.2922896328919,-1596.037461267053,-1711.1480306555904,-1861.0206354640723,-2066.0723415164375,-2366.066924990073,-2845.6292140522783,-3698.9590041204356,-5353.722683405445,-8228.363127376608,-9584.504997045282,-9930.110604095022,-9998.718630469508,-9999.98269054963,-9999.999767307772,-9999.999996872124,-9999.999999957952,-9999.999999999472,-10000.000000000002,-10000.000000000015,-9999.999999999995,-9999.999999999995,-9999.999999999995,-9999.999999999995,-9999.999999999995,-9999.999999999995,-9999.999999999995,-9999.999999999995,-9999.999999999995
1,1,2,4,0,0,-750.3458718157112,-751.0554490647843,-751.8015462422186,-752.5857918002478,-753.4098925885884,-754.2756383654482,-755.1849066286501,-756.1396677945675,-757.141990755276,-758.1940488473768,-759.2981262696308,-760.4566249903207,-761.6720721897602,-762.9471282882992,-764.2845956157975,-765.6874277847645,-767.1587398366415,-768.7018192386097,-770.3201378175169,-772.0173647280722,-773.7973805639863,-775.6642927346224,-777.6224522449285,-779.6764720341845,-781.8312470497006,-784.0919762546132,-786.4641867964372,-788.9537605940584,-791.566963637258,-794.3104783352065,-797.1914392995571,-800.2174730055012,-803.3967418418648,-806.7379931409685,-810.2506138731383,-813.944691802184,-817.8310840308989,-821.9214940238285,-826.2285583843933,-830.7659448913352,-835.5484635754649,-840.5921929518726,-845.9146239305574,-851.5348244278327,-857.4736283153851,-863.7538531047732,-870.4005517117237,-877.4413048298229,-884.9065619358199,-892.8300408415191,-901.2491981236731,-910.2057858709018,-919.746514214706,-929.9238443764359,-940.7969439032224,-952.4328450051095,-964.9078593273042,-978.3093193734528,-992.7377400073161,-1008.3095257755232,-1025.1603953950616,-1043.449760045456,-1063.3663871002643,-1085.1358215460857,-1109.0302494553746,-1135.3818145830478,-1164.6009140020187,-1197.2018308500028,-1233.8394457042243,-1275.3631414455808,-1322.8982338455612,-1377.9730565977989,-1442.7248991713404,-1520.2486219909342,-1615.2176117805202,-1735.0573219977168,-1892.3194832230329,-2109.8628885677226,-2433.064783857235,-2960.265507658827,-3919.1257585957937,-5788.975518998472,-8558.065542467317,-9511.110005629365,-9953.999443192779,-9999.299957548661,-9999.990540375897,-9999.99987239,-9999.999998278616,-9999.999999976777,-9999.999999999687,-9999.999999999998,-10000.000000000002,-10000.000000000002,-10000.000000000002,-10000.000000000002,-10000.000000000002,-10000.000000000002,-10000.000000000002,-10000.000000000002
1,1,2,5,0,0,-750.322043539565,-750.9826616685015,-751.6771224450735,-752.4069221482348,-753.1736279821824,-753.9788820664736,-754.824405702187,-755.7120039372772,-756.643570456651,-757.6210928248896,-758.6466581126853,-759.7224589409263,-760.8507999801864,-762.0341049472662,-763.274924144984,-764.575942596415,-765.9399888305728,-767.3700443828536,-768.8692540809418,-770.4409371950416,-772.0885995406634,-773.8159466328557,-775.6268980028395,-777.525602801858,-779.516456832827,-781.6041211685657,-783.7935425361452,-786.0899756709423,-788.4990078717326,-791.0265860201231,-793.6790463649627,-796.463147415698,-799.3861063391776,-802.4556393135754,-805.6800063627625,-809.0680612761337,-812.6293073158274,-816.3739595277154,-820.3130146093598,-824.458329450895,-828.8227096602883,-833.4200096198238,-838.2652459049848,-843.3747262423424,-848.7661966044217,-854.459009555982,-860.4743176025543,-866.8352960804225,-873.5674011091153,-880.6986693581464,-888.2600679315892,-896.2859046435167,-904.8143114757524,-913.8878172516456,-923.5540297689868,-933.8664531442952,-944.8854733972603,-956.6795550055598,-969.3267042290381,-982.916272799584,-997.5512000976173,-1013.3508261622011,-1030.4544563059349,-1049.0259276450297,-1069.259529342102,-1091.3877791079835,-1115.6917867940685,-1142.515289021842,-1172.2839979332962,-1205.5328157612166,-1242.9449866524837,-1285.4098822928872,-1334.110819237084,-1390.6630749815167,-1457.3393934499172,-1537.455478942191,-1636.0646694198113,-1761.2889406277864,-1927.0546250119078,-2159.164413810804,-2509.834675911974,-3094.130867846914,-4177.728505809166,-6279.299997765018,-8709.825910888409,-9545.452296094227,-9978.9390625591,-9999.704764336138,-9999.996019363552,-9999.99994635805,-9999.99999927714,-9999.99999999024,-9999.999999999885,-10000.000000000013,-10000.000000000007,-10000.000000000007,-10000.000000000007,-10000.000000000007,-10000.000000000007,-10000.000000000007
1,1,2,6,0,0,-750.3000786699195,-750.9155760291852,-751.5624693119784,-752.242135709613,-752.9560167506675,-753.7056218435209,-754.4925320578336,-755.3184041646869,-756.1849749567529,-757.0940658720599,-758.0475879474017,-759.0475471296837,-760.0960499768823,-761.1953097831399,-762.3476531664305,-763.5555271612169,-764.821506863076,-766.148303677583,-767.5387742313837,-768.9959300100841,-770.522947795054,-772.1231809794248,-773.8001718535032,-775.5576649603006,-777.3996216345838,-779.330235852775,-781.3539515374157,-783.4754814782345,-785.6998280535674,-788.0323059600804,-790.4785671875021,-793.0446285078056,-795.7369017865509,-798.5622274686763,-801.5279116428921,-804.6417671497911,-807.9121592702138,-811.3480566147871,-814.959087935071,-818.7556056949585,-822.7487573818794,-826.9505657053053,-831.3740190321216,-836.0331736514281,-840.9432697555047,-846.1208633812271,-851.5839769925979,-857.3522719205982,-863.4472465370603,-869.8924648579821,-876.7138212931259,-883.9398485396857,-891.6020772351596,-899.7354580404359,-908.378859455051,-917.5756580601659,-927.3744422961233,-937.8298566649106,-949.0036208996278,-960.9657688642401,-973.7961657432506,-987.5863809102218,-1002.4420198721014,-1018.4856550754433,-1035.8605469900244,-1054.7354212539153,-1075.3106765654716,-1097.826560369896,-1122.5740962721648,-1149.9099307403394,-1180.2768772328395,-1214.232933786945,-1252.493230031464,-1295.9922828269182,-1345.9792190990142,-1404.1685666765406,-1472.988843237415,-1556.01204527334,-1658.7374446505983,-1790.115959922603,-1965.73770505416,-2215.037981562733,-2598.8271444147576,-3253.534014724137,-4489.43652766489,-6814.262386947739,-8756.377105863183,-9669.21223028835,-9991.70320175705,-9999.886829530056,-9999.998474747435,-9999.999979446782,-9999.999999723012,-9999.999999996313,-9999.999999999956,-10000.000000000016,-9999.999999999996,-9999.999999999996,-9999.999999999996,-9999.999999999996
1,1,2,7,0,0,-750.279803481716,-750.8536592956159,-751.4566705582632,-752.0901068535893,-752.7552962716787,-753.4536285647322,-754.1865585109061,-754.9556095025771,-755.7623773772392,-756.6085345109686,-757.4958341962657,-758.4261153282781,-759.4013074257978,-760.4234360160411,-761.4946284152954,-762.6171199407376,-763.7932605924796,-765.0255222491544,-766.3165064249469,-767.668952641324,-769.085747472626,-770.5699343314736,-772.1247240674726,-773.7535064613551,-775.4598627065395,-777.2475789811247,-779.1206612260464,-781.0833512598185,-783.1401443765337,-785.2958085932032,-787.5554057342279,-789.92431456608,-792.4082562246084,-795.0133222109753,-797.7460052718208,-800.6132335248242,-803.6224082444031,-806.7814457850559,-810.0988241934017,-813.5836351469917,-817.2456419606488,-821.0953445231954,-825.1440521728391,-829.4039656933695,-833.8882698220661,-838.6112379121375,-843.5883506971619,-848.8364314758242,-854.3738004883778,-860.2204518126332,-866.3982567941925,-872.9311988783186,-879.8456457752126,-887.1706662274737,-894.9384003384478,-903.1844945709531,-911.9486152826747,-921.2750582253626,-931.2134760711558,-941.8197521183789,-953.1570563995664,-965.2971312166172,-978.3218677392218,-992.3252552906177,-1007.4158126213058,-1023.7196493012618,-1041.3843606158575,-1060.5840392004245,-1081.5258039928146,-1104.4584227226185,-1129.6838723950223,-1157.5731010709897,-1188.587924487545,-1223.3120932085096,-1262.4964342848234,-1307.126248079931,-1358.5251120062767,-1418.5206043991366,-1489.720160462026,-1575.9931809046493,-1683.3630034263542,-1821.7699804350514,-2008.8269443641075,-2278.4728853570487,-2702.300610807448,-3443.447906354362,-4860.756179913718,-7305.986125786934,-8821.873212382037,-9823.197613577799,-9996.968114402523,-9999.958987882246,-9999.999447238028,-9999.999992550285,-9999.999999899606,-9999.999999998638,-9999.999999999982,-10000.0,-10000.0,-10000.0
1,1,2,8,0,0,-750.261065256375,-750.7964432063754,-751.3589213630132,-751.9496718233827,-752.5699200110679,-753.2209474968918,-753.9040950011306,-754.6207655913714,-755.372428091436,-756.1606207182961,-756.9869549654615,-757.8531197531629,-758.7608858675688,-759.7121107134094,-760.7087434070373,-761.752830239349,-762.8465205414227,-763.9920729887197,-765.1918623838525,-766.448386962015,-767.7642762679492,-769.1422996589484,-770.58537549413,-772.0965810775286,-773.6791634299876,-775.3365509738447,-777.0723662244792,-778.8904395940239,-780.7948244258212,-782.7898133928655,-784.8799564106821,-787.0700802346211,-789.3653099339822,-791.771092461586,-794.293222567223,-796.937871338319,-799.7116176917557,-802.6214831877444,-805.6749705920397,-808.8801066772639,-812.245489830296,-815.7803431224324,-819.4945736051029,-823.3988387203615,-827.50462086577,-831.8243113333762,-836.3713050590311,-841.1601078793841,-846.2064583105495,-851.5274662475387,-857.1417714551043,-863.0697252999635,-869.3335998904024,-875.9578296790837,-882.9692916969768,-890.3976319848712,-898.2756475592341,-906.6397355050249,-915.530423684286,-924.9930012956759,-935.0782724067013,-945.843462009158,-957.3533126863366,-969.6814214318632,-982.9118816846719,-997.1413169333542,-1012.4814217993147,-1029.0621680935233,-1047.0358927033205,-1066.5825702450097,-1087.916700394494,-1111.29643065786,-1137.0358281607323,-1165.5216736151565,-1197.2368903020358,-1232.7939451596685,-1272.9836496529292,-1318.848485454746,-1371.7963824582725,-1433.783962982438,-1507.6247424143357,-1597.5344677655676,-1710.1550317144074,-1856.613540546272,-2056.9933672218813,-2350.83464255304,-2823.2553418704447,-3670.0599223700847,-5299.585371066947,-7660.433982436283,-8994.656859423136,-9929.085422274351,-9998.965406376628,-9999.986004083383,-9999.999810864523,-9999.999997444123,-9999.999999965448,-9999.999999999574,-10000.000000000016,-10000.000000000027
1,1,2,9,0,0,-750.2437257119863,-750.7435039295525,-751.2684936775731,-751.8197785075924,-752.3984906803948,-753.00581369481,-753.6429849755538,-754.3112987321725,-755.0121090024181,-755.7468328942919,-756.516954042679,-757.3240262976535,-758.1696776634392,-759.0556145085942,-759.9836260701475,-760.9555892766303,-761.9734739173905,-763.039348188404,-764.155384647953,-765.3238666188797,-766.547195078185,-767.8278960790428,-769.1686287551917,-770.5721939632797,-772.0415436249693,-773.5797908375775,-775.1902208301765,-776.8763028510716,-778.6417030827959,-780.4902986926729,-782.4261931402019,-784.4537328779722,-786.5775256001969,-788.8024602132862,-791.1337287258837,-793.5768502826543,-796.137697596983,-798.8225260737814,-801.6380059551625,-804.5912578705934,-807.6898922299919,-810.9420529651151,-814.3564662031774,-817.9424945494637,-821.7101977657348,-825.670400761965,-829.8347699749379,-834.2158993941188,-838.827407720064,-843.6840484119476,-848.8018347100547,-854.1981821203877,-859.8920713396042,-865.9042352030615,-872.2573739867197,-878.9764043239034,-886.0887481623326,-893.6246696528788,-901.6176697197782,-910.1049504336488,-919.1279643578622,-928.7330679900024,-938.9723035824381,-949.9043404310679,-961.5956157765016,-974.1217276338889,-987.5691484075116,-1002.0373508848652,-1017.6414698601395,-1034.5156673091985,-1052.8174330130153,-1072.7331456260488,-1094.4853570567593,-1118.342471147344,-1144.6318084875359,-1173.757555465688,-1206.2259153690038,-1242.681145215809,-1283.9585122586186,-1331.1643968884473,-1385.8015594427698,-1449.9727469331692,-1526.7268848054746,-1620.6796080307613,-1739.1963184714105,-1894.813774359207,-2110.59979142647,-2432.964297178336,-2963.7032782550596,-3935.8795015824,-5789.084946120522,-7878.665637004306,-9295.260648026895,-9976.886828523142,-9999.681139546363,-9999.995692485385,-9999.999941826025,-9999.999999214351,-9999.999999989346,-9999.999999999876
1,1,2,10,0,0,-750.2276623827954,-750.6944662294812,-751.1847432292319,-751.6994963214701,-752.2397730256657,-752.8066677149449,-753.4013240294123,-754.0249374398456,-754.6787579729404,-755.3640931104885,-756.0823108759754,-756.8348431232635,-757.6231890434342,-758.4489189072925,-759.3136780628683,-760.2191912088792,-761.1672669674256,-762.1598027812558,-763.1987901636287,-764.286320331665,-765.4245902571502,-766.6159091724413,-767.862705573025,-769.167534762839,-770.5330869935101,-771.9621962542531,-773.4578497756993,-775.0231983181574,-776.6615673229346,-778.3764690147466,-780.1716155537995,-782.0509333482208,-784.0185786512421,-786.0789545832288,-788.236729736935,-790.4968585447937,-792.8646036111496,-795.345560239949,-797.9456834200987,-800.6713175680584,-803.5292293701401,-806.5266441173278,-809.6712859844414,-812.9714227744201,-816.4359157300594,-820.0742751115896,-823.8967223526145,-827.9142597425241,-832.1387487454864,-836.5829982603441,-841.2608643596104,-846.187363328051,-851.3788001646685,-856.8529151301233,-862.6290514346626,-868.7283477932519,-875.1739603573453,-881.9913195072425,-889.2084282105233,-896.8562101917256,-904.968918113319,-913.5846144662189,-922.7457410856821,-932.4997973843675,-942.9001528610515,-954.0070266630572,-965.8886766080561,-978.6228530412163,-992.2985905711793,-1007.0184350810349,-1022.9012374094217,-1040.0856932245506,-1058.7348777710993,-1079.0421251830564,-1101.2387522547845,-1125.60435431302,-1152.480753697286,-1182.2912412470446,-1215.5676633894782,-1252.9894381170789,-1295.4412380728122,-1344.1008584602869,-1400.5777612059323,-1467.1404563731985,-1547.1075955847818,-1645.5586703636236,-1770.7111627671948,-1936.7926698306528,-2170.524926050757,-2526.8789614541092,-3128.70194298189,-4251.246747765588,-6292.224655355036,-8092.508499580668,-9632.147576976,-9992.953078681361,-9999.90439479559,-9999.998710226388,-9999.999982601397,-9999.999999762123
1,1,2,11,0,0,-750.2127686947302,-750.6490036282196,-751.1071096263123,-751.5880160960885,-752.0926933217042,-752.6221545139616,-753.1774579832935,-753.759709445103,-754.3700644672975,-755.0097310705626,-755.6799724929541,-756.3821101314057,-757.1175266738308,-757.8876694368732,-758.6940539256076,-759.5382676331765,-760.4219740999337,-761.3469172536946,-762.3149260546328,-763.3279194709181,-764.3879118135916,-765.497018462319,-766.6574620166816,-767.8715789115761,-769.1418265392002,-770.4707909247932,-771.8611950084406,-773.3159075911896,-774.8379530101387,-776.4305216147441,-778.0969811250403,-779.840888961905,-781.666005650594,-783.5763094109992,-785.5760120624008,-787.669576386645,-789.8617351122591,-792.1575117034743,-794.5622431628216,-797.0816050842087,-799.721639226684,-802.4887839171505,-805.389907634996,-808.432346183605,-811.6239439147863,-814.9730995436124,-818.4888171757605,-822.1807632691048,-826.0593303697206,-830.1357086035401,-834.4219660732036,-838.9311395120034,-843.6773367901609,-848.6758531634653,-853.9433035123637,-859.4977732566676,-865.3589911677761,-871.5485279617114,-878.0900253768259,-885.0094614633208,-892.3354590955639,-900.0996463391025,-908.337079365002,-917.0867412423992,-926.3921333427796,-936.3019805149405,-946.8710769926176,-958.1613076771567,-970.2428897018923,-983.1958930456423,-997.1121178912224,-1012.0974325877224,-1028.2747127103896,-1045.7875737397342,-1064.805164908529,-1085.5284017781644,-1108.1981793882533,-1133.1063581076564,-1160.61070413474,-1191.1555887583406,-1225.301270840704,-1263.766311944726,-1307.490690785245,-1357.732668136976,-1416.2228653006832,-1485.4197836472185,-1568.9547720871024,-1672.4526701881368,-1805.1500579611748,-1983.338231691403,-2238.296775999759,-2635.8195709167994,-3325.1772813105636,-4627.225494475453,-6726.436040818138,-8422.857900559859,-9859.198486232961,-9997.8733058955,-9999.971153295399,-9999.999604074745
1,1,2,12,0,0,-750.1989438105505,-750.6068073479198,-751.0350631712529,-751.4845734641762,-751.9562379563225,-752.4509957756435,-752.9698274099533,-753.5137567854985,-754.0838534709711,-754.6812350161633,-755.3070694351691,-755.9625778449727,-756.6490372712548,-757.3677836341546,-758.1202149280778,-758.9077946108183,-759.7320552186778,-760.5946022259639,-761.497118168823,-762.4413670554632,-763.4291990868944,-764.462555714782,-765.5434750656253,-766.6740977634814,-767.8566731869468,-769.0935661995824,-770.3872643974717,-771.7403859221126,-773.1556878922936,-774.6360755145755,-776.1846119387014,-777.8045289320082,-779.4992384556375,-781.272345234989,-783.1276604283734,-785.0692165103887,-787.1012835012676,-789.2283866901377,-791.4553260193647,-793.7871973191825,-796.2294156074023,-798.7877406981879,-801.4683053983147,-804.2776466085973,-807.222739694657,-810.3110365449064,-813.5505077969179,-816.9496897876983,-820.5177368709114,-824.2644798478328,-828.200491381882,-832.337159413305,-836.6867697659393,-841.262599348865,-846.0790216096286,-851.1516262035555,-856.4973552178946,-862.1346587471448,-868.0836731778397,-874.3664262349275,-881.0070737037138,-888.03217381699,-895.4710066487372,-903.3559475652803,-911.7229059605811,-920.6118432930458,-930.0673880468898,-940.139569938424,-950.8847018601087,-962.3664462412963,-974.6571134693496,-987.8392548573786,-1002.0076329670226,-1017.2716802628154,-1033.7585966380907,-1051.6172927259463,-1071.0234674962567,-1092.1862287484644,-1115.356845250916,-1140.8404950492693,-1169.012306285097,-1200.3396801913773,-1235.4140306302165,-1274.9970244134088,-1320.0898467231395,-1372.04033049482,-1432.7149116302544,-1504.7868609488087,-1592.2446349729125,-1701.3436500838998,-1842.5163502586565,-2034.5151922604946,-2314.1360577880914,-2760.3060226622256,-3552.6265523250186,-5050.924896938028,-7060.362317284918,-8917.893088792829,-9958.870894142321,-9999.420434896525
1,1,2,13,0,0,-750.1860997756702,-750.5676081182327,-750.9681420868845,-751.3885022957677,-751.8295239006709,-752.2920782770009,-752.7770747948186,-753.2854626975364,-753.818233091738,-754.3764210560114,-754.9611078773551,-755.5734234245939,-756.2145486688178,-756.8857183620376,-757.5882238859966,-758.3234162842267,-759.0927094917203,-759.8975837777523,-760.7395894190462,-761.6203506218287,-762.5415697134179,-763.5050316257522,-764.5126086955265,-765.5662658082088,-766.6680659158113,-767.820175961366,-769.0248732466473,-770.2845522833743,-771.6017321725336,-772.9790645613124,-774.4193422325764,-775.9255083880633,-777.5006666933383,-779.1480921605432,-780.8712429538749,-782.6737732128252,-784.5595469999374,-786.5326534928893,-788.5974235558167,-790.7584478421475,-793.0205966009541,-795.3890413816988,-797.8692788585754,-800.4671570261175,-803.1889040529749,-806.0411601219082,-809.0310126317879,-812.1660351934329,-815.4543309166176,-818.9045805628289,-822.526096229406,-826.3288813384647,-830.3236978322302,-834.5221416291904,-838.936727578449,-843.5809853695446,-848.4695681203987,-853.6183756879391,-859.0446951375949,-864.7673612874369,-870.8069408322579,-877.1859442819127,-883.9290708541644,-891.0634925955976,-898.6191854294559,-906.6293166347225,-915.13070056267,-924.1643373537789,-933.7760532456058,-944.0172660575282,-954.9459060159501,-966.6275308258447,-979.136685631105,-992.5585744332561,-1006.9911314033104,-1022.5476109162347,-1039.359857961929,-1057.5824818144076,-1077.3982447838202,-1099.0251093456095,-1122.7255850062465,-1148.8193209783128,-1177.7003705020193,-1209.8613276957367,-1245.9278262793432,-1286.709101413449,-1333.2742528901022,-1387.0711478985481,-1450.119079614471,-1525.3353205972544,-1617.118744451469,-1732.4598468115855,-1883.2094768697698,-2091.0982363285984,-2399.731552757439,-2904.523254804604,-3820.0585699101066,-5508.276611211477,-7413.7232936189685,-9442.072834107239
1,1,2,14,0,0,-750.1741587095806,-750.5311675535133,-750.9059376690277,-751.2992131895298,-751.7117700739357,-752.1444176302386,-752.5980001253498,-753.07339848724,-753.5715321057037,-754.0933607386613,-754.6398865314205,-755.2121561570544,-755.8112630866402,-756.4383499988766,-757.0946113394824,-757.7812960416278,-758.4997104196386,-759.2512212494768,-760.037259050462,-760.8593215842768,-761.7189775887502,-762.6178707654419,-763.5577240420552,-764.5403441326539,-765.5676264210132,-766.6415601948223,-767.7642342614747,-768.9378429792007,-770.1646927408972,-771.4472089519493,-772.7879435477871,-774.189583101969,-775.6549575810747,-777.1870498093062,-778.7890057125248,-780.4641454199331,-782.2159753105564,-784.0482011023463,-785.9647420935551,-787.9697466796863,-790.0676092849003,-792.2629888646185,-794.5608291565643,-796.9663808810369,-799.4852261186043,-802.1233051247667,-804.8869458777881,-807.7828966986099,-810.8183623310445,-814.0010439289206,-817.3391834647207,-820.8416131546621,-824.5178105898168,-828.3779603751873,-832.433023212268,-836.6948135198954,-841.176086879281,-845.8906388189085,-850.8534167324817,-856.0806470601649,-861.5899802738354,-867.400656710229,-873.5336969152333,-880.0121209291083,-886.8612018967319,-894.1087605817165,-901.785508868737,-909.9254522474283,-918.5663637099541,-927.750344631308,-937.5244922699914,-947.9416988469314,-959.0616141791859,-970.9518131947167,-983.6892222346485,-997.3618751641937,-1012.0710938713205,-1027.9342205744176,-1045.0880757764096,-1063.693382289742,-1083.9404928398076,-1106.0569028314358,-1130.3172478770275,-1157.056822714406,-1186.6901916370166,-1219.737327549387,-1256.8611677064773,-1298.92298374054,-1347.066468277053,-1402.8498734978575,-1468.4620947143894,-1547.0929041713352,-1643.6030789198048,-1765.8178027668982,-1927.2133277535431,-2152.950934920271,-2494.359383340845,-3064.1955485044964,-4097.656769358131,-5713.23513149214
1,1,2,15,0,0,-750.1630529783114,-750.4972786567984,-750.8480950886255,-751.2161945275823,-751.6022985922291,-752.0071596520265,-752.4315622906006,-752.8763248512658,-753.3423010703561,-753.8303818043963,-754.3414968576103,-754.8766169168135,-755.4367556012063,-756.0229716355179,-756.636371155241,-757.2781101538648,-757.94939708256,-758.6514956139187,-759.3857275821964,-760.1534761138578,-760.9561889631887,-761.7953820694637,-762.6726433533598,-763.5896367722767,-764.5481066559272,-765.5498823457632,-766.5968831641017,-767.6911237413638,-768.8347197328974,-770.0298939598645,-771.2789830125325,-772.5844443582329,-773.9488640008695,-775.3749647440085,-776.8656151153099,-778.4238390167195,-780.0528261720234,-781.7559434519501,-783.536747166357,-785.3989964238015,-787.3466676712135,-789.3839705403077,-791.5153651434237,-793.7455809799502,-796.079637635472,-798.5228674803652,-801.0809406024127,-803.7598922406592,-806.5661530255547,-809.5065823742174,-812.5885054409774,-815.8197540833571,-819.2087123740997,-822.7643672726697,-826.4963651677037,-830.4150751179907,-834.5316597576772,-838.8581549962591,-843.4075598417384,-848.1939379129778,-853.2325324948964,-858.5398973387987,-864.1340458356099,-870.034621710769,-876.2630950310014,-882.8429881075574,-889.800136868681,-897.1629945117645,-904.9629858044518,-913.2349223806922,-922.0174919010283,-931.3538371916352,-941.292245682077,-951.8869749562269,-963.1992474727816,-975.2984571448976,-988.2636434103855,-1002.185305995162,-1017.1676577014628,-1033.3314460901033,-1050.8175221571676,-1069.7914015618455,-1090.4491617875683,-1113.0251628374945,-1137.8022955209126,-1165.125792628097,-1195.4221560048882,-1229.2255804842243,-1267.2156130725903,-1310.2720718527812,-1359.5572104054336,-1416.6421830003046,-1483.7078449239134,-1563.8742846376426,-1661.75930062708,-1784.4467938493017,-1943.1425471476432,-2155.5583330401205,-2445.6324172818786,-2807.39987581117
1,1,2,16,0,0,-750.1527124583824,-750.4657269045533,-750.794246824373,-751.1389166702007,-751.5004080173611,-751.8794208268336,-752.2766847769149,-752.6929606682058,-753.1290419069219,-753.5857560716552,-754.0639665693086,-754.5645743862375,-755.0885199412852,-755.6367850477649,-756.2103949921807,-756.8104207380317,-757.4379812638102,-758.0942460450957,-758.7804376914041,-759.4978347495583,-760.2477746862712,-761.0316570637774,-761.8509469237009,-762.7071783957227,-763.6019585490176,-764.5369715064536,-765.5139828431078,-766.5348442930641,-767.6014987905643,-768.7159858744471,-769.8804474875424,-771.0971342060135,-772.368411937416,-773.6967691301162,-775.0848245414452,-776.5353356172183,-778.0512075406994,-779.6355030161762,-781.2914528591099,-783.022467473698,-784.8321493078515,-786.7243063864202,-788.7029670358085,-790.7723959269867,-792.9371115798725,-795.2019054901746,-797.5718630609409,-800.0523865446984,-802.649220230054,-805.3684781384574,-808.2166745336024,-811.2007575891681,-814.3281466102153,-817.6067732617191,-821.0451273259631,-824.6523075899202,-828.4380785579897,-832.412933795627,-836.5881668407382,-840.9759507748178,-845.5894277310533,-850.4428098376743,-855.5514933598995,-860.9321881231826,-866.6030646855434,-872.5839221943529,-878.8963804315741,-885.5641002466884,-892.6130374292956,-900.0717361245936,-907.971669195058,-916.3476345475661,-925.2382184612756,-934.6863394774457,-944.739889589932,-955.452493485616,-966.8844116645973,-979.1036197187946,-992.1871042481764,-1006.2224263164053,-1021.309616559643,-1037.5634826955115,-1055.1164308388525,-1074.1219270525999,-1094.7587544428866,-1117.236251240485,-1141.8007392310851,-1168.74335131845,-1198.4093999362885,-1231.2092007264564,-1267.629671323728,-1308.2446061488718,-1353.718269626349,-1404.7895700182098,-1462.2073242104934,-1526.5483024271216,-1597.7546615107385,-1673.9681564082093,-1748.4785801834696,-1802.4546896875763
1,1,2,17,0,0,-750.1430608199249,-750.4362788713735,-750.7439931285038,-751.0668036544532,-751.4053355619343,-751.7602401616081,-752.1321961716187,-752.5219109923471,-752.9301220503743,-753.357598216379,-753.8051413016024,-754.2735876382287,-754.7638097492755,-755.2767181140265,-755.8132630356474,-756.3744366179799,-756.9612748592448,-757.5748598709534,-758.2163222309697,-758.8868434805287,-759.587658775811,-760.3200597054896,-761.0853972868889,-761.885085154237,-762.7206029539705,-763.5934999631327,-764.5053989486834,-765.4580002868177,-766.4530863636012,-767.4925262798332,-768.5782808856194,-769.7124081722984,-770.8970690523399,-772.1345335606733,-773.4271875144809,-774.7775396720813,-776.1882294357944,-777.6620351484765,-779.2018830385339,-780.81085687413,-782.4922083940588,-784.2493685898412,-786.0859599224002,-788.0058095655206,-790.0129637793627,-792.111703528883,-794.3065614756636,-796.6023404868553,-799.00413382233,-801.5173471804827,-804.147722805719,-806.9013658857172,-809.7847734954236,-812.8048663775892,-815.969023886999,-819.2851224681733,-822.7615780850356,-826.4073930766575,-830.2322079764789,-834.2463589050177,-838.460941228401,-842.887880269149,-847.5400099622418,-852.4311604704378,-857.5762559085506,-862.9914234789792,-868.6941154889369,-874.7032459044563,-881.0393432931837,-887.72472221281,-894.7836753039973,-902.242688528364,-910.1306821247741,-918.4792798940166,-927.3231092892009,-936.7001343703383,-946.6520227959509,-957.2245463882158,-968.4680119831738,-980.4377145793578,-993.1943971627638,-1006.8046893530568,-1021.341477590699,-1036.8841289061334,-1053.5184420197202,-1071.3361236603118,-1090.4334690348478,-1110.9087392953902,-1132.8574389360042,-1156.3642476275327,-1181.48967597528,-1208.2484899854448,-1236.5754700773969,-1266.2720699173924,-1296.9251878153464,-1327.787570073585,-1357.612239685368,-1384.4545307874578,-1405.5364272214883,-1417.4837895835572
1,1,2,18,0,0,-750.134008781105,-750.4086616225023,-750.6968667710368,-750.9991824134145,-751.3161898096797,-751.6484943293917,-751.9967265413064,-752.361543359826,-752.7436292515911,-753.1436975060685,-753.5624915740159,-754.0007864781476,-754.4593903006158,-754.9391457521947,-755.4409318285146,-755.9656655590061,-756.5143038547512,-757.0878454617739,-757.6873330269675,-758.313855284246,-758.9685493693338,-759.6526032719431,-760.3672584351921,-761.1138125125402,-761.8936222936607,-762.7081068113011,-763.5587506425461,-764.4471074186548,-765.3748035590903,-766.3435422465766,-767.3551076614499,-768.4113694952009,-769.5142877648098,-770.6659179512399,-771.8684164877618,-773.1240466257815,-774.4351847084196,-775.8043268848245,-777.2340963010306,-778.7272508064648,-780.2866912187693,-781.9154701932109,-783.6168017474673,-785.3940714967571,-787.250847659498,-789.1908928987878,-791.2181770709783,-793.3368909585314,-795.5514610712803,-797.8665656069513,-800.2871516694074,-802.8184538507144,-805.4660142911084,-808.2357043387651,-811.1337479392748,-814.1667468917346,-817.3417081148791,-820.6660730709233,-824.1477494973012,-827.795145594338,-831.6172068100311,-835.6234553481163,-839.824032500175,-844.2297438618116,-848.8521074324974,-853.7034045094894,-858.7967331599527,-864.1460638769463,-869.7662967770036,-875.67331935432,-881.884063336149,-888.4165585402056,-895.2899807573334,-902.5246894883562,-910.142249741751,-918.1654298975005,-926.6181646594372,-935.5254680803017,-944.9132761856498,-954.8081913618703,-965.2370907740401,-976.2265478296399,-987.801998082421,-999.986557764385,-1012.7993730042358,-1026.2533395041705,-1040.3519853787793,-1055.0852550524296,-1070.4238742892835,-1086.3119276986972,-1102.6572663444927,-1119.319434854886,-1136.0950563986903,-1152.7011968026236,-1168.7583924838773,-1183.777108233603,-1197.1546975834272,-1208.1942409334943,-1216.1598177284332,-1220.3786130022027
1,1,2,19,0,0,-750.1254468177195,-750.3825405068819,-750.6522952665881,-750.9352288372964,-751.2318800710631,-751.5428098511907,-751.8686020570252,-752.2098645763456,-752.567230368109,-752.9413585783482,-753.3329357122941,-753.7426768660106,-754.1713270208711,-754.6196624047105,-755.0884919234235,-755.5786586672906,-756.091041496423,-756.6265567100683,-757.1861598048758,-757.7708473274729,-758.38165882711,-759.0196789145315,-759.6860394335654,-760.3819217524543,-761.108559182325,-761.8672395307514,-762.6593077987878,-763.4861690306151,-764.3492913251524,-765.250209020054,-766.1905260587448,-767.171919552103,-768.1961435469515,-769.265033014246,-770.3805080707514,-771.5445784484841,-772.7593482271894,-774.0270208457911,-775.3499044095036,-776.73041730987,-778.1710941758355,-779.6745921743196,-781.2436976790808,-782.8813333271371,-784.5905654815285,-786.3746121191269,-788.2368511611693,-790.1808292627408,-792.2102710752891,-794.3290889930506,-796.5413933899049,-798.8515033473738,-801.263957866401,-803.7835275455867,-806.415226694801,-809.1643258362917,-812.0363645227852,-815.037164374395,-818.1728421999696,-821.4498230230653,-824.874852775607,-828.455010349315,-832.197718604097,-836.110753817188,-840.2022529125927,-844.4807176285941,-848.9550145531646,-853.6343696714471,-858.5283557111266,-863.6468701235918,-869.0001009785026,-874.5984773505279,-880.4525999075736,-886.5731463298484,-892.9707448555904,-899.6558076086784,-906.6383133609063,-913.9275269603121,-921.5316397655288,-929.4573120352836,-937.7090943444969,-946.2887008284222,-955.194102629295,-964.4184058072551,-973.9484750195143,-983.7632638827029,-993.8318173634245,-1004.1109242230737,-1014.5424234672146,-1025.0502147835196,-1035.5370978404158,-1045.8816788657687,-1055.935743421362,-1065.5227027034812,-1074.4379593826607,-1082.452253655651,-1089.3191268359205,-1094.7873900747145,-1098.6186797736655,-1100.6086852621684
1,1,2,20,0,0,-750.1172484221951,-750.3575292039991,-750.6096183711264,-750.8739936381295,-751.1511518176676,-751.4416096159428,-751.7459044640783,-752.0645953873136,-752.3982639137811,-752.7475150248321,-753.1129781490375,-753.495308201813,-753.8951866731936,-754.3133227658437,-754.750454585974,-755.2073503896434,-755.6848098872227,-756.1836656087586,-756.7047843333524,-757.2490685853834,-757.8174582010646,-758.4109319683797,-759.0305093440475,-759.6772522509525,-760.3522669597132,-761.0567060581766,-761.791770512623,-762.5587118246036,-763.3588342872484,-764.1934973451179,-765.0641180612672,-765.9721736954989,-766.9192043973334,-767.9068160171215,-768.9366830384236,-770.0105516342423,-771.1302428492631,-772.2976559094274,-773.5147716592081,-774.7836561258886,-776.106464208592,-777.485443487991,-778.9229381504998,-780.4213930178132,-781.9833576696043,-783.6114906428427,-785.3085636864906,-787.0774660442715,-788.9212087310497,-790.8429287596621,-792.8458932646583,-794.9335034566902,-797.1092983264565,-799.3769579986146,-801.7403066146688,-804.2033145975037,-806.7701001190383,-809.4449295551427,-812.2322166669685,-815.1365201944182,-818.162539483435,-821.3151076923695,-824.599182031587,-828.0198303821389,-831.5822135103094,-835.2915619422371,-839.1531463818333,-843.1722403425033,-847.3540734127087,-851.7037732838629,-856.2262943295798,-860.9263301361539,-865.8082069397568,-870.8757544282462,-876.1321498168064,-881.5797305185928,-887.2197701244655,-893.052211816428,-899.0753528258822,-905.2854732001699,-911.6764020913174,-918.2390152205899,-924.9606583647071,-931.8244940125119,-938.8087722180578,-945.8860327073103,-953.0222541592229,-960.1759790064355,-967.2974587392907,-974.3278859087764,-981.1988044943218,-987.8318184882846,-994.1387459275088,-1000.0223858592722,-1005.3780691547072,-1010.0961378483325,-1014.0654279200048,-1017.1777072759483,-1019.332846606525,-1020.4443003862366
1,1,2,21,0,0,-750.1094224382076,-750.3336548700167,-750.5688827289079,-750.8155439374339,-751.0740934454636,-751.3450039000894,-751.6287663428368,-751.92589093533,-752.2369077145208,-752.5623673786661,-752.9028421052976,-753.2589264023945,-753.6312379940628,-754.0204187420322,-754.4271356042818,-754.8520816321819,-755.2959770074881,-755.759570120595,-756.2436386914289,-756.748990934318,-757.2764667682402,-757.8269390737145,-758.4013149976514,-759.0005373072783,-759.625585794327,-760.2774787303524,-760.9572743740706,-761.6660725312684,-762.4050161676792,-763.1752930748671,-763.9781375888344,-764.814832360569,-765.686710177309,-766.59515583255,-767.541608042183,-768.5275614031477,-769.5545683900073,-770.6242413835203,-771.73825472382,-772.8983467791327,-774.1063220187038,-775.3640530764142,-776.673482788532,-778.0366261857678,-779.4555724158508,-780.9324865682345,-782.4696113671445,-784.0692686928081,-785.7338608833437,-787.465871761048,-789.2678673167188,-791.1424959736821,-793.0924883393484,-795.1206563358617,-797.2298915823097,-799.4231628788834,-801.7035126173366,-804.0740519118926,-806.5379542094313,-809.0984470967235,-811.7588019746039,-814.5223212134879,-817.3923223402494,-820.3721187318295,-823.4649962053079,-826.674184795062,-830.0028248949939,-833.4539268149442,-837.0303226554787,-840.7346092423109,-844.569080681932,-848.5356489037856,-852.6357503450847,-856.8702367176797,-861.2392475814821,-865.7420622509652,-870.3769284025911,-875.1408646641826,-880.0294344989148,-885.0364889105757,-890.1538759804183,-895.3711161123387,-900.6750432591666,-906.049414506246,-911.4744934089717,-916.926616643635,-922.3777590515126,-927.7951191838551,-933.1407559944951,-938.3713171024156,-943.4379093505347,-948.2861718734232,-952.856618423948,-957.0853163124891,-960.9049603685685,-964.2463782038899,-967.0404652566831,-969.2204949424079,-970.7246855933049,-971.4988421945122
1,1,2,22,0,0,-750.1016497115189,-750.3099431339348,-750.5284247137505,-750.7574926137332,-750.9975599451637,-751.2490553122188,-751.5124233750686,-751.7881254322034,-752.0766400224163,-752.3784635468844,-752.694110911793,-753.0241161918519,-753.369033315076,-753.7294367691333,-754.1059223294872,-754.4991078095413,-754.9096338328577,-755.3381646274808,-755.7853888422634,-756.2520203849309,-756.738799281549,-757.246492556787,-757.775895134267,-758.3278307559239,-758.9031529191984,-759.5027458303732,-760.1275253721806,-760.778440083249,-761.4564721465674,-762.1626383835336,-762.8979912495645,-763.663619826451,-764.4606508059023,-765.290249457643,-766.1536205744575,-767.0520093852085,-767.9867024255191,-768.9590283540882,-769.9703587007674,-771.0221085304595,-772.1157370042592,-773.2527478167113,-774.4346894846996,-775.6631554599185,-776.9397840327385,-778.2662579905436,-779.6443039882794,-781.0756915827844,-782.5622318755829,-784.105775700861,-785.7082112864314,-787.3714613052391,-789.0974792234927,-790.888244838454,-792.7457588841104,-794.6720365664598,-796.6690998713694,-798.7389684670708,-800.8836489999177,-803.1051225559867,-805.4053300321466,-807.786155128413,-810.2494046385364,-812.7967856777257,-815.4298794459788,-818.1501110819103,-820.958715117239,-823.8566959958082,-826.8447830758746,-829.9233794912793,-833.0925042100084,-836.3517266005375,-839.7000928029145,-843.1360432095269,-846.6573203984221,-850.2608669412707,-853.9427126424338,-857.6978509719657,-861.5201047545055,-865.4019815914882,-869.3345200539474,-873.3071284160189,-877.3074186369843,-881.3210394693301,-885.3315139940432,-889.3200885681342,-893.2656020963273,-897.1443866502984,-900.9302126429211,-904.5942938269809,-908.1053690431038,-911.429878476177,-914.5322516784697,-917.3753221621994,-919.9208783487124,-922.1303525897401,-923.9656387237078,-925.3900146758879,-926.3691312900878,-926.8720141583372
1,1,2,23,0,0,-750.0939875534654,-750.2865698690449,-750.4885468153673,-750.7002770609008,-750.9221321606205,-751.1544969794948,-751.3977701269239,-751.6523644021141,-751.9187072501727,-752.1972412288495,-752.4884244857338,-752.7927312454437,-753.1106523066118,-753.4426955480471,-753.7893864435553,-754.1512685846836,-754.5289042105048,-754.9228747435004,-755.3337813303073,-755.7622453859469,-756.2089091399317,-756.6744361824318,-757.1595120082778,-757.6648445563982,-758.1911647418319,-758.7392269771261,-759.3098096794199,-759.903715758987,-760.5217730845889,-761.1648349200875,-761.8337803263686,-762.5295145214941,-763.2529691913975,-764.0051027421954,-764.7869004841866,-765.5993747362857,-766.443564838281,-767.3205370566093,-768.231384367686,-769.1772261007503,-770.1592074200815,-771.1784986237816,-772.2362942338079,-773.3338118486931,-774.47229072699,-775.6529900657976,-776.8771869343686,-778.146173818202,-779.4612557239111,-780.8237467892927,-782.2349663369092,-783.6962343025197,-785.2088659621448,-786.7741658733015,-788.3934209370798,-790.0678924779044,-791.7988072276855,-793.5873470897197,-795.4346375462486,-797.3417345613426,-799.3096098180018,-801.3391341160527,-803.4310587444198,-805.5859946299258,-807.8043890535077,-810.0864997162319,-812.4323659311002,-814.8417767148145,-817.3142355566347,-819.8489216523993,-822.4446474114704,-825.0998120764312,-827.8123513428114,-830.5796829315079,-833.3986481558327,-836.2654496410125,-839.175585502587,-842.1237804762847,-845.103914720144,-848.108951285422,-851.1308635779682,-854.1605645083129,-857.1878394545294,-860.2012856293914,-863.1882609400078,-866.134845932545,-869.0258228946373,-871.8446766011903,-874.5736214795643,-877.1936600689658,-879.6846774792871,-882.0255760340929,-884.1944533328492,-886.168825528403,-887.9258956627828,-889.4428644623836,-890.6972781631212,-891.667404895365,-892.3326281735069,-892.6738434306963
1,1,3,0,0,0,-750.0864290284538,-750.2635137659412,-750.4492124949905,-750.6438450054626,-750.8477419590737,-751.0612452005292,-751.2847080727943,-751.5184957362494,-751.7629854909742,-752.0185671017938,-752.2856431252119,-752.5646292375285,-752.8559545632136,-753.1600620025592,-753.477408557339,-753.8084656533746,-754.153719458291,-754.5136711930254,-754.8888374351282,-755.2797504117527,-755.686958280187,-756.1110253930658,-756.5525325456415,-757.0120772016974,-757.4902736946223,-757.9877533995638,-758.5051648723307,-759.0431739500006,-759.6024638077943,-760.1837349661732,-760.7877052413965,-761.4151096320433,-762.0667001333146,-762.7432454699183,-763.4455307374014,-764.1743569409026,-764.9305404188482,-765.7149121380108,-766.5283168450404,-767.3716120578345,-768.2456668785792,-769.1513606084891,-770.0895811422598,-771.0612231180464,-772.0671857966624,-773.1083706408306,-774.1856785630874,-775.3000068075233,-776.4522454279324,-777.643273321223,-778.8739537718315,-780.145129458906,-781.4576168743708,-782.8122000960367,-784.2096238559359,-785.650585839816,-787.1357281499663,-788.6656278597364,-790.240786584384,-791.8616189900017,-793.5284401598258,-795.2414517355746,-797.0007267514532,-798.8061930793828,-800.6576154075146,-802.5545756796778,-804.4964519323804,-806.4823954784781,-808.511306403657,-810.5818073646939,-812.6922157068427,-814.8405139542367,-817.0243187714641,-819.2408485486748,-821.4868898268318,-823.7587628558174,-826.052286665521,-828.3627441306421,-830.6848476219573,-833.0127059602581,-835.3397935222281,-837.6589224867444,-839.9622193510759,-842.2411069842424,-844.486293609611,-846.6877702129093,-848.8348179424121,-850.9160270918495,-852.9193292205186,-854.8320438525775,-856.6409409971554,-858.33232042906,-859.8921082617646,-861.3059708272438,-862.5594452595076,-863.6380854770471,-864.527621501305,-865.2141292726035,-865.6842073782686,-865.9251564451845
